Sample_ID	PCR_Control	Extract_Control	Subset	Source	Site	Source_Site	Site_Source	Source_SiteType	SiteType_Site	Region	SiteType	Accession
Blank_PCR1f_FWD12	TRUE	FALSE	Control	Control	PCR_Control	Control	Control	Control	Control_PCR_Control	Control	Control	Control
Blank_PCR2f_FWD12	TRUE	FALSE	Control	Control	PCR_Control	Control	Control	Control	Control_PCR_Control	Control	Control	Control
ext_blank_3_Fun_Control_FWD23	FALSE	TRUE	Control	Control	Extract_Control	Control	Control	Control	Control_Extract_Control	Control	Control	Control
ext_blank_4_FWD24	FALSE	TRUE	Control	Control	Extract_Control	Control	Control	Control	Control_Extract_Control	Control	Control	Control
ext_blank_5_FWD24	FALSE	TRUE	Control	Control	Extract_Control	Control	Control	Control	Control_Extract_Control	Control	Control	Control
ext_blank_6_FWD24	FALSE	TRUE	Control	Control	Extract_Control	Control	Control	Control	Control_Extract_Control	Control	Control	Control
EXT_BLK_1_ITS2	FALSE	TRUE	Control	Control	Extract_Control	Control	Control	Control	Control_Extract_Control	Control	Control	Control
EXT_BLK_2_ITS2	FALSE	TRUE	Control	Control	Extract_Control	Control	Control	Control	Control_Extract_Control	Control	Control	Control
EXT_BLK_3_ITS2	FALSE	TRUE	Control	Control	Extract_Control	Control	Control	Control	Control_Extract_Control	Control	Control	Control
Mock_4_FWD24	FALSE	FALSE	Control	Control	Mock_Community	Control	Control	Control	Control_Mock_Community	Control	Control	Control
Mock_5_FWD24	FALSE	FALSE	Control	Control	Mock_Community	Control	Control	Control	Control_Mock_Community	Control	Control	Control
Mock_6_FWD24	FALSE	FALSE	Control	Control	Mock_Community	Control	Control	Control	Control_Mock_Community	Control	Control	Control
Mock_7_FWD16	FALSE	FALSE	Control	Control	Mock_Community	Control	Control	Control	Control_Mock_Community	Control	Control	Control
Mock_8_FWD16	FALSE	FALSE	Control	Control	Mock_Community	Control	Control	Control	Control_Mock_Community	Control	Control	Control
Mock_Fungi_1_Control_FWD24	FALSE	FALSE	Control	Control	Mock_Community	Control	Control	Control	Control_Mock_Community	Control	Control	Control
Mock_Fungi_2_Control_FWD24	FALSE	FALSE	Control	Control	Mock_Community	Control	Control	Control	Control_Mock_Community	Control	Control	Control
Mock_Fungi_3_Control_FWD24	FALSE	FALSE	Control	Control	Mock_Community	Control	Control	Control	Control_Mock_Community	Control	Control	Control
NTC_OH_1_ITS2_Control_FWD24	TRUE	FALSE	Control	Control	PCR_Control	Control	Control	Control	Control_PCR_Control	Control	Control	Control
NTC_OH_2_ITS2	TRUE	FALSE	Control	Control	PCR_Control	Control	Control	Control	Control_PCR_Control	Control	Control	Control
NTC_OH_2_ITS2_Control_FWD24	TRUE	FALSE	Control	Control	PCR_Control	Control	Control	Control	Control_PCR_Control	Control	Control	Control
NTC_OH_3_ITS2	TRUE	FALSE	Control	Control	PCR_Control	Control	Control	Control	Control_PCR_Control	Control	Control	Control
NTC_OH_3_ITS2_Control_FWD24	TRUE	FALSE	Control	Control	PCR_Control	Control	Control	Control	Control_PCR_Control	Control	Control	Control
NTC_OH_4f_FWD16	TRUE	FALSE	Control	Control	PCR_Control	Control	Control	Control	Control_PCR_Control	Control	Control	Control
NTC_OH_5f_FWD16	TRUE	FALSE	Control	Control	PCR_Control	Control	Control	Control	Control_PCR_Control	Control	Control	Control
S100_NSW1092909_FWD13	FALSE	FALSE	Sample	Themeda_triandra	Jesmond_Park	Themeda_triandra_Jesmond_Park	Jesmond_Park_Themeda_triandra	Themeda_triandra_Restored	Restored_Jesmond_Park	North_Coast	Restored	NSW1092909
S101_NSW1092904_FWD13	FALSE	FALSE	Sample	Themeda_triandra	Jesmond_Park	Themeda_triandra_Jesmond_Park	Jesmond_Park_Themeda_triandra	Themeda_triandra_Restored	Restored_Jesmond_Park	North_Coast	Restored	NSW1092904
S102_NSW1092913_FWD13	FALSE	FALSE	Sample	Themeda_triandra	Jesmond_Park	Themeda_triandra_Jesmond_Park	Jesmond_Park_Themeda_triandra	Themeda_triandra_Restored	Restored_Jesmond_Park	North_Coast	Restored	NSW1092913
S103_NSW1092943_FWD13	FALSE	FALSE	Sample	Themeda_triandra	Jesmond_Park	Themeda_triandra_Jesmond_Park	Jesmond_Park_Themeda_triandra	Themeda_triandra_Restored	Restored_Jesmond_Park	North_Coast	Restored	NSW1092943
S104_NSW1092905_FWD13	FALSE	FALSE	Sample	Themeda_triandra	Jesmond_Park	Themeda_triandra_Jesmond_Park	Jesmond_Park_Themeda_triandra	Themeda_triandra_Restored	Restored_Jesmond_Park	North_Coast	Restored	NSW1092905
S105_NSW1092594_FWD13	FALSE	FALSE	Sample	Themeda_triandra	Meroo_NP_Romney_Park_Road	Themeda_triandra_Meroo_NP_Romney_Park_Road	Meroo_NP_Romney_Park_Road_Themeda_triandra	Themeda_triandra_Natural	Natural_Meroo_NP_Romney_Park_Road	South_Coast	Natural	NSW1092594
S106_NSW1092549_FWD13	FALSE	FALSE	Sample	Themeda_triandra	Meroo_NP_Romney_Park_Road	Themeda_triandra_Meroo_NP_Romney_Park_Road	Meroo_NP_Romney_Park_Road_Themeda_triandra	Themeda_triandra_Natural	Natural_Meroo_NP_Romney_Park_Road	South_Coast	Natural	NSW1092549
S107_NSW1092579_FWD13	FALSE	FALSE	Sample	Themeda_triandra	Meroo_NP_Romney_Park_Road	Themeda_triandra_Meroo_NP_Romney_Park_Road	Meroo_NP_Romney_Park_Road_Themeda_triandra	Themeda_triandra_Natural	Natural_Meroo_NP_Romney_Park_Road	South_Coast	Natural	NSW1092579
S108_NSW1092539_FWD13	FALSE	FALSE	Sample	Themeda_triandra	Meroo_NP_Romney_Park_Road	Themeda_triandra_Meroo_NP_Romney_Park_Road	Meroo_NP_Romney_Park_Road_Themeda_triandra	Themeda_triandra_Natural	Natural_Meroo_NP_Romney_Park_Road	South_Coast	Natural	NSW1092539
S109_NSW1092529_FWD14	FALSE	FALSE	Sample	Themeda_triandra	Meroo_NP_Romney_Park_Road	Themeda_triandra_Meroo_NP_Romney_Park_Road	Meroo_NP_Romney_Park_Road_Themeda_triandra	Themeda_triandra_Natural	Natural_Meroo_NP_Romney_Park_Road	South_Coast	Natural	NSW1092529
S110_NSW1092544_FWD14	FALSE	FALSE	Sample	Themeda_triandra	Meroo_NP_Romney_Park_Road	Themeda_triandra_Meroo_NP_Romney_Park_Road	Meroo_NP_Romney_Park_Road_Themeda_triandra	Themeda_triandra_Natural	Natural_Meroo_NP_Romney_Park_Road	South_Coast	Natural	NSW1092544
S111_NSW1092571_FWD14	FALSE	FALSE	Sample	Themeda_triandra	Meroo_NP_Romney_Park_Road	Themeda_triandra_Meroo_NP_Romney_Park_Road	Meroo_NP_Romney_Park_Road_Themeda_triandra	Themeda_triandra_Natural	Natural_Meroo_NP_Romney_Park_Road	South_Coast	Natural	NSW1092571
S112_NSW1092592_FWD14	FALSE	FALSE	Sample	Microlaena_stipoides	Meroo_NP_Romney_Park_Road	Microlaena_stipoides_Meroo_NP_Romney_Park_Road	Meroo_NP_Romney_Park_Road_Microlaena_stipoides	Microlaena_stipoides_Natural	Natural_Meroo_NP_Romney_Park_Road	South_Coast	Natural	NSW1092592
S113_NSW1092612_FWD14	FALSE	FALSE	Sample	Microlaena_stipoides	Meroo_NP_Romney_Park_Road	Microlaena_stipoides_Meroo_NP_Romney_Park_Road	Meroo_NP_Romney_Park_Road_Microlaena_stipoides	Microlaena_stipoides_Natural	Natural_Meroo_NP_Romney_Park_Road	South_Coast	Natural	NSW1092612
S114_NSW1092581_FWD14	FALSE	FALSE	Sample	Microlaena_stipoides	Meroo_NP_Romney_Park_Road	Microlaena_stipoides_Meroo_NP_Romney_Park_Road	Meroo_NP_Romney_Park_Road_Microlaena_stipoides	Microlaena_stipoides_Natural	Natural_Meroo_NP_Romney_Park_Road	South_Coast	Natural	NSW1092581
S115_NSW1092602_FWD14	FALSE	FALSE	Sample	Microlaena_stipoides	Meroo_NP_Romney_Park_Road	Microlaena_stipoides_Meroo_NP_Romney_Park_Road	Meroo_NP_Romney_Park_Road_Microlaena_stipoides	Microlaena_stipoides_Natural	Natural_Meroo_NP_Romney_Park_Road	South_Coast	Natural	NSW1092602
S116_NSW1092591_FWD14	FALSE	FALSE	Sample	Microlaena_stipoides	Meroo_NP_Romney_Park_Road	Microlaena_stipoides_Meroo_NP_Romney_Park_Road	Meroo_NP_Romney_Park_Road_Microlaena_stipoides	Microlaena_stipoides_Natural	Natural_Meroo_NP_Romney_Park_Road	South_Coast	Natural	NSW1092591
S117_NSW1092601_FWD14	FALSE	FALSE	Sample	Microlaena_stipoides	Meroo_NP_Romney_Park_Road	Microlaena_stipoides_Meroo_NP_Romney_Park_Road	Meroo_NP_Romney_Park_Road_Microlaena_stipoides	Microlaena_stipoides_Natural	Natural_Meroo_NP_Romney_Park_Road	South_Coast	Natural	NSW1092601
S118_NSW1092572_FWD14	FALSE	FALSE	Sample	Microlaena_stipoides	Meroo_NP_Romney_Park_Road	Microlaena_stipoides_Meroo_NP_Romney_Park_Road	Meroo_NP_Romney_Park_Road_Microlaena_stipoides	Microlaena_stipoides_Natural	Natural_Meroo_NP_Romney_Park_Road	South_Coast	Natural	NSW1092572
S119_NSW1092565_FWD14	FALSE	FALSE	Sample	Microlaena_stipoides	Jervis_Bay_NP_Parnell_Road	Microlaena_stipoides_Jervis_Bay_NP_Parnell_Road	Jervis_Bay_NP_Parnell_Road_Microlaena_stipoides	Microlaena_stipoides_Natural	Natural_Jervis_Bay_NP_Parnell_Road	South_Coast	Natural	NSW1092565
S120_NSW1092560_FWD14	FALSE	FALSE	Sample	Microlaena_stipoides	Jervis_Bay_NP_Parnell_Road	Microlaena_stipoides_Jervis_Bay_NP_Parnell_Road	Jervis_Bay_NP_Parnell_Road_Microlaena_stipoides	Microlaena_stipoides_Natural	Natural_Jervis_Bay_NP_Parnell_Road	South_Coast	Natural	NSW1092560
S121_NSW1092562_FWD15	FALSE	FALSE	Sample	Microlaena_stipoides	Jervis_Bay_NP_Parnell_Road	Microlaena_stipoides_Jervis_Bay_NP_Parnell_Road	Jervis_Bay_NP_Parnell_Road_Microlaena_stipoides	Microlaena_stipoides_Natural	Natural_Jervis_Bay_NP_Parnell_Road	South_Coast	Natural	NSW1092562
S122_NSW1092545_FWD15	FALSE	FALSE	Sample	Microlaena_stipoides	Jervis_Bay_NP_Parnell_Road	Microlaena_stipoides_Jervis_Bay_NP_Parnell_Road	Jervis_Bay_NP_Parnell_Road_Microlaena_stipoides	Microlaena_stipoides_Natural	Natural_Jervis_Bay_NP_Parnell_Road	South_Coast	Natural	NSW1092545
S123_NSW1092540_FWD15	FALSE	FALSE	Sample	Microlaena_stipoides	Jervis_Bay_NP_Parnell_Road	Microlaena_stipoides_Jervis_Bay_NP_Parnell_Road	Jervis_Bay_NP_Parnell_Road_Microlaena_stipoides	Microlaena_stipoides_Natural	Natural_Jervis_Bay_NP_Parnell_Road	South_Coast	Natural	NSW1092540
S124_NSW1092535_FWD15	FALSE	FALSE	Sample	Microlaena_stipoides	Jervis_Bay_NP_Parnell_Road	Microlaena_stipoides_Jervis_Bay_NP_Parnell_Road	Jervis_Bay_NP_Parnell_Road_Microlaena_stipoides	Microlaena_stipoides_Natural	Natural_Jervis_Bay_NP_Parnell_Road	South_Coast	Natural	NSW1092535
S125_NSW1092555_FWD15	FALSE	FALSE	Sample	Microlaena_stipoides	Jervis_Bay_NP_Parnell_Road	Microlaena_stipoides_Jervis_Bay_NP_Parnell_Road	Jervis_Bay_NP_Parnell_Road_Microlaena_stipoides	Microlaena_stipoides_Natural	Natural_Jervis_Bay_NP_Parnell_Road	South_Coast	Natural	NSW1092555
S126_NSW1092570_FWD15	FALSE	FALSE	Sample	Themeda_triandra	Jervis_Bay_NP_Parnell_Road	Themeda_triandra_Jervis_Bay_NP_Parnell_Road	Jervis_Bay_NP_Parnell_Road_Themeda_triandra	Themeda_triandra_Natural	Natural_Jervis_Bay_NP_Parnell_Road	South_Coast	Natural	NSW1092570
S127_NSW1092551_FWD15	FALSE	FALSE	Sample	Themeda_triandra	Jervis_Bay_NP_Parnell_Road	Themeda_triandra_Jervis_Bay_NP_Parnell_Road	Jervis_Bay_NP_Parnell_Road_Themeda_triandra	Themeda_triandra_Natural	Natural_Jervis_Bay_NP_Parnell_Road	South_Coast	Natural	NSW1092551
S128_NSW1092546_FWD15	FALSE	FALSE	Sample	Themeda_triandra	Jervis_Bay_NP_Parnell_Road	Themeda_triandra_Jervis_Bay_NP_Parnell_Road	Jervis_Bay_NP_Parnell_Road_Themeda_triandra	Themeda_triandra_Natural	Natural_Jervis_Bay_NP_Parnell_Road	South_Coast	Natural	NSW1092546
S129_NSW1092552_FWD15	FALSE	FALSE	Sample	Themeda_triandra	Jervis_Bay_NP_Parnell_Road	Themeda_triandra_Jervis_Bay_NP_Parnell_Road	Jervis_Bay_NP_Parnell_Road_Themeda_triandra	Themeda_triandra_Natural	Natural_Jervis_Bay_NP_Parnell_Road	South_Coast	Natural	NSW1092552
S130_NSW1092547_FWD15	FALSE	FALSE	Sample	Themeda_triandra	Jervis_Bay_NP_Parnell_Road	Themeda_triandra_Jervis_Bay_NP_Parnell_Road	Jervis_Bay_NP_Parnell_Road_Themeda_triandra	Themeda_triandra_Natural	Natural_Jervis_Bay_NP_Parnell_Road	South_Coast	Natural	NSW1092547
S131_NSW1092541_FWD15	FALSE	FALSE	Sample	Themeda_triandra	Jervis_Bay_NP_Parnell_Road	Themeda_triandra_Jervis_Bay_NP_Parnell_Road	Jervis_Bay_NP_Parnell_Road_Themeda_triandra	Themeda_triandra_Natural	Natural_Jervis_Bay_NP_Parnell_Road	South_Coast	Natural	NSW1092541
S132_NSW1092596_FWD15	FALSE	FALSE	Sample	Themeda_triandra	Jervis_Bay_NP_Parnell_Road	Themeda_triandra_Jervis_Bay_NP_Parnell_Road	Jervis_Bay_NP_Parnell_Road_Themeda_triandra	Themeda_triandra_Natural	Natural_Jervis_Bay_NP_Parnell_Road	South_Coast	Natural	NSW1092596
S133_NSW1092671_FWD16	FALSE	FALSE	Sample	Microlaena_stipoides	Bournda_NP_North_Tura	Microlaena_stipoides_Bournda_NP_North_Tura	Bournda_NP_North_Tura_Microlaena_stipoides	Microlaena_stipoides_Natural	Natural_Bournda_NP_North_Tura	South_Coast	Natural	NSW1092671
S134_NSW1092666_FWD16	FALSE	FALSE	Sample	Microlaena_stipoides	Bournda_NP_North_Tura	Microlaena_stipoides_Bournda_NP_North_Tura	Bournda_NP_North_Tura_Microlaena_stipoides	Microlaena_stipoides_Natural	Natural_Bournda_NP_North_Tura	South_Coast	Natural	NSW1092666
S135_NSW1092661_FWD16	FALSE	FALSE	Sample	Microlaena_stipoides	Bournda_NP_North_Tura	Microlaena_stipoides_Bournda_NP_North_Tura	Bournda_NP_North_Tura_Microlaena_stipoides	Microlaena_stipoides_Natural	Natural_Bournda_NP_North_Tura	South_Coast	Natural	NSW1092661
S136_NSW1092656_FWD16	FALSE	FALSE	Sample	Microlaena_stipoides	Bournda_NP_North_Tura	Microlaena_stipoides_Bournda_NP_North_Tura	Bournda_NP_North_Tura_Microlaena_stipoides	Microlaena_stipoides_Natural	Natural_Bournda_NP_North_Tura	South_Coast	Natural	NSW1092656
S137_NSW1092651_FWD16	FALSE	FALSE	Sample	Microlaena_stipoides	Bournda_NP_North_Tura	Microlaena_stipoides_Bournda_NP_North_Tura	Bournda_NP_North_Tura_Microlaena_stipoides	Microlaena_stipoides_Natural	Natural_Bournda_NP_North_Tura	South_Coast	Natural	NSW1092651
S138_NSW1092646_FWD16	FALSE	FALSE	Sample	Microlaena_stipoides	Bournda_NP_North_Tura	Microlaena_stipoides_Bournda_NP_North_Tura	Bournda_NP_North_Tura_Microlaena_stipoides	Microlaena_stipoides_Natural	Natural_Bournda_NP_North_Tura	South_Coast	Natural	NSW1092646
S139_NSW1092641_FWD16	FALSE	FALSE	Sample	Microlaena_stipoides	Bournda_NP_North_Tura	Microlaena_stipoides_Bournda_NP_North_Tura	Bournda_NP_North_Tura_Microlaena_stipoides	Microlaena_stipoides_Natural	Natural_Bournda_NP_North_Tura	South_Coast	Natural	NSW1092641
S14_NSW1092582_FWD09	FALSE	FALSE	Sample	Microlaena_stipoides	Meroo_NP_Romney_Park_Road	Microlaena_stipoides_Meroo_NP_Romney_Park_Road	Meroo_NP_Romney_Park_Road_Microlaena_stipoides	Microlaena_stipoides_Natural	Natural_Meroo_NP_Romney_Park_Road	South_Coast	Natural	NSW1092582
S140_NSW1092472_FWD09	FALSE	FALSE	Sample	Themeda_triandra	Short_Point_Reserve_Merimbula	Themeda_triandra_Short_Point_Reserve_Merimbula	Short_Point_Reserve_Merimbula_Themeda_triandra	Themeda_triandra_Restored	Restored_Short_Point_Reserve_Merimbula	South_Coast	Restored	NSW1092472
S141_NSW1092621_FWD09	FALSE	FALSE	Sample	Themeda_triandra	Short_Point_Reserve_Merimbula	Themeda_triandra_Short_Point_Reserve_Merimbula	Short_Point_Reserve_Merimbula_Themeda_triandra	Themeda_triandra_Restored	Restored_Short_Point_Reserve_Merimbula	South_Coast	Restored	NSW1092621
S142_NSW1092617_FWD09	FALSE	FALSE	Sample	Themeda_triandra	Short_Point_Reserve_Merimbula	Themeda_triandra_Short_Point_Reserve_Merimbula	Short_Point_Reserve_Merimbula_Themeda_triandra	Themeda_triandra_Restored	Restored_Short_Point_Reserve_Merimbula	South_Coast	Restored	NSW1092617
S143_NSW1092622_FWD09	FALSE	FALSE	Sample	Themeda_triandra	Short_Point_Reserve_Merimbula	Themeda_triandra_Short_Point_Reserve_Merimbula	Short_Point_Reserve_Merimbula_Themeda_triandra	Themeda_triandra_Restored	Restored_Short_Point_Reserve_Merimbula	South_Coast	Restored	NSW1092622
S144_NSW1092627_FWD09	FALSE	FALSE	Sample	Themeda_triandra	Short_Point_Reserve_Merimbula	Themeda_triandra_Short_Point_Reserve_Merimbula	Short_Point_Reserve_Merimbula_Themeda_triandra	Themeda_triandra_Restored	Restored_Short_Point_Reserve_Merimbula	South_Coast	Restored	NSW1092627
S145_NSW1092632_FWD09	FALSE	FALSE	Sample	Themeda_triandra	Short_Point_Reserve_Merimbula	Themeda_triandra_Short_Point_Reserve_Merimbula	Short_Point_Reserve_Merimbula_Themeda_triandra	Themeda_triandra_Restored	Restored_Short_Point_Reserve_Merimbula	South_Coast	Restored	NSW1092632
S146_NSW1092637_FWD09	FALSE	FALSE	Sample	Themeda_triandra	Short_Point_Reserve_Merimbula	Themeda_triandra_Short_Point_Reserve_Merimbula	Short_Point_Reserve_Merimbula_Themeda_triandra	Themeda_triandra_Restored	Restored_Short_Point_Reserve_Merimbula	South_Coast	Restored	NSW1092637
S147_NSW1092881_FWD09	FALSE	FALSE	Sample	Themeda_triandra	Duesburys_Point_Dalmeny	Themeda_triandra_Duesburys_Point_Dalmeny	Duesburys_Point_Dalmeny_Themeda_triandra	Themeda_triandra_Natural	Natural_Duesburys_Point_Dalmeny	South_Coast	Natural	NSW1092881
S148_NSW1092886_FWD09	FALSE	FALSE	Sample	Themeda_triandra	Duesburys_Point_Dalmeny	Themeda_triandra_Duesburys_Point_Dalmeny	Duesburys_Point_Dalmeny_Themeda_triandra	Themeda_triandra_Natural	Natural_Duesburys_Point_Dalmeny	South_Coast	Natural	NSW1092886
S149_NSW1092891_FWD09	FALSE	FALSE	Sample	Themeda_triandra	Duesburys_Point_Dalmeny	Themeda_triandra_Duesburys_Point_Dalmeny	Duesburys_Point_Dalmeny_Themeda_triandra	Themeda_triandra_Natural	Natural_Duesburys_Point_Dalmeny	South_Coast	Natural	NSW1092891
S15_NSW1092567_FWD09	FALSE	FALSE	Sample	Microlaena_stipoides	Jervis_Bay_NP_Parnell_Road	Microlaena_stipoides_Jervis_Bay_NP_Parnell_Road	Jervis_Bay_NP_Parnell_Road_Microlaena_stipoides	Microlaena_stipoides_Natural	Natural_Jervis_Bay_NP_Parnell_Road	South_Coast	Natural	NSW1092567
S150_NSW1092901_FWD09	FALSE	FALSE	Sample	Themeda_triandra	Duesburys_Point_Dalmeny	Themeda_triandra_Duesburys_Point_Dalmeny	Duesburys_Point_Dalmeny_Themeda_triandra	Themeda_triandra_Natural	Natural_Duesburys_Point_Dalmeny	South_Coast	Natural	NSW1092901
S151_NSW1092906_FWD09	FALSE	FALSE	Sample	Themeda_triandra	Duesburys_Point_Dalmeny	Themeda_triandra_Duesburys_Point_Dalmeny	Duesburys_Point_Dalmeny_Themeda_triandra	Themeda_triandra_Natural	Natural_Duesburys_Point_Dalmeny	South_Coast	Natural	NSW1092906
S152_NSW1092926_FWD10	FALSE	FALSE	Sample	Themeda_triandra	Duesburys_Point_Dalmeny	Themeda_triandra_Duesburys_Point_Dalmeny	Duesburys_Point_Dalmeny_Themeda_triandra	Themeda_triandra_Natural	Natural_Duesburys_Point_Dalmeny	South_Coast	Natural	NSW1092926
S153_NSW1092931_FWD10	FALSE	FALSE	Sample	Themeda_triandra	Duesburys_Point_Dalmeny	Themeda_triandra_Duesburys_Point_Dalmeny	Duesburys_Point_Dalmeny_Themeda_triandra	Themeda_triandra_Natural	Natural_Duesburys_Point_Dalmeny	South_Coast	Natural	NSW1092931
S154_NSW1092536_FWD10	FALSE	FALSE	Sample	Themeda_triandra	Tathra_APZ_Panorama_Drive	Themeda_triandra_Tathra_APZ_Panorama_Drive	Tathra_APZ_Panorama_Drive_Themeda_triandra	Themeda_triandra_Restored	Restored_Tathra_APZ_Panorama_Drive	South_Coast	Restored	NSW1092536
S155_NSW1092613_FWD10	FALSE	FALSE	Sample	Themeda_triandra	Tathra_APZ_Panorama_Drive	Themeda_triandra_Tathra_APZ_Panorama_Drive	Tathra_APZ_Panorama_Drive_Themeda_triandra	Themeda_triandra_Restored	Restored_Tathra_APZ_Panorama_Drive	South_Coast	Restored	NSW1092613
S156_NSW1092623_FWD10	FALSE	FALSE	Sample	Themeda_triandra	Tathra_APZ_Panorama_Drive	Themeda_triandra_Tathra_APZ_Panorama_Drive	Tathra_APZ_Panorama_Drive_Themeda_triandra	Themeda_triandra_Restored	Restored_Tathra_APZ_Panorama_Drive	South_Coast	Restored	NSW1092623
S157_NSW1092629_FWD10	FALSE	FALSE	Sample	Themeda_triandra	Tathra_APZ_Panorama_Drive	Themeda_triandra_Tathra_APZ_Panorama_Drive	Tathra_APZ_Panorama_Drive_Themeda_triandra	Themeda_triandra_Restored	Restored_Tathra_APZ_Panorama_Drive	South_Coast	Restored	NSW1092629
S158_NSW1092630_FWD10	FALSE	FALSE	Sample	Themeda_triandra	Tathra_APZ_Panorama_Drive	Themeda_triandra_Tathra_APZ_Panorama_Drive	Tathra_APZ_Panorama_Drive_Themeda_triandra	Themeda_triandra_Restored	Restored_Tathra_APZ_Panorama_Drive	South_Coast	Restored	NSW1092630
S159_NSW1092624_FWD10	FALSE	FALSE	Sample	Themeda_triandra	Tathra_APZ_Panorama_Drive	Themeda_triandra_Tathra_APZ_Panorama_Drive	Tathra_APZ_Panorama_Drive_Themeda_triandra	Themeda_triandra_Restored	Restored_Tathra_APZ_Panorama_Drive	South_Coast	Restored	NSW1092624
S160_NSW1092619_FWD10	FALSE	FALSE	Sample	Themeda_triandra	Tathra_APZ_Panorama_Drive	Themeda_triandra_Tathra_APZ_Panorama_Drive	Tathra_APZ_Panorama_Drive_Themeda_triandra	Themeda_triandra_Restored	Restored_Tathra_APZ_Panorama_Drive	South_Coast	Restored	NSW1092619
S161_NSW1092628_FWD10	FALSE	FALSE	Sample	Themeda_triandra	Tathra_APZ_Panorama_Drive	Themeda_triandra_Tathra_APZ_Panorama_Drive	Tathra_APZ_Panorama_Drive_Themeda_triandra	Themeda_triandra_Restored	Restored_Tathra_APZ_Panorama_Drive	South_Coast	Restored	NSW1092628
S162_NSW1092531_FWD10	FALSE	FALSE	Sample	Microlaena_stipoides	Tathra_APZ_Panorama_Drive	Microlaena_stipoides_Tathra_APZ_Panorama_Drive	Tathra_APZ_Panorama_Drive_Microlaena_stipoides	Microlaena_stipoides_Restored	Restored_Tathra_APZ_Panorama_Drive	South_Coast	Restored	NSW1092531
S163_NSW1092542_FWD10	FALSE	FALSE	Sample	Microlaena_stipoides	Tathra_APZ_Panorama_Drive	Microlaena_stipoides_Tathra_APZ_Panorama_Drive	Tathra_APZ_Panorama_Drive_Microlaena_stipoides	Microlaena_stipoides_Restored	Restored_Tathra_APZ_Panorama_Drive	South_Coast	Restored	NSW1092542
S164_NSW1092537_FWD11	FALSE	FALSE	Sample	Microlaena_stipoides	Tathra_APZ_Panorama_Drive	Microlaena_stipoides_Tathra_APZ_Panorama_Drive	Tathra_APZ_Panorama_Drive_Microlaena_stipoides	Microlaena_stipoides_Restored	Restored_Tathra_APZ_Panorama_Drive	South_Coast	Restored	NSW1092537
S165_NSW1092532_FWD11	FALSE	FALSE	Sample	Microlaena_stipoides	Tathra_APZ_Panorama_Drive	Microlaena_stipoides_Tathra_APZ_Panorama_Drive	Tathra_APZ_Panorama_Drive_Microlaena_stipoides	Microlaena_stipoides_Restored	Restored_Tathra_APZ_Panorama_Drive	South_Coast	Restored	NSW1092532
S166_NSW1092615_FWD11	FALSE	FALSE	Sample	Microlaena_stipoides	Tathra_APZ_Panorama_Drive	Microlaena_stipoides_Tathra_APZ_Panorama_Drive	Tathra_APZ_Panorama_Drive_Microlaena_stipoides	Microlaena_stipoides_Restored	Restored_Tathra_APZ_Panorama_Drive	South_Coast	Restored	NSW1092615
S167_NSW1092620_FWD11	FALSE	FALSE	Sample	Microlaena_stipoides	Tathra_APZ_Panorama_Drive	Microlaena_stipoides_Tathra_APZ_Panorama_Drive	Tathra_APZ_Panorama_Drive_Microlaena_stipoides	Microlaena_stipoides_Restored	Restored_Tathra_APZ_Panorama_Drive	South_Coast	Restored	NSW1092620
S168_NSW1092618_FWD11	FALSE	FALSE	Sample	Microlaena_stipoides	Tathra_APZ_Panorama_Drive	Microlaena_stipoides_Tathra_APZ_Panorama_Drive	Tathra_APZ_Panorama_Drive_Microlaena_stipoides	Microlaena_stipoides_Restored	Restored_Tathra_APZ_Panorama_Drive	South_Coast	Restored	NSW1092618
S169_NSW1092522_FWD11	FALSE	FALSE	Sample	Microlaena_stipoides	Noorumba_Reserve_Rosemeadow	Microlaena_stipoides_Noorumba_Reserve_Rosemeadow	Noorumba_Reserve_Rosemeadow_Microlaena_stipoides	Microlaena_stipoides_Natural	Natural_Noorumba_Reserve_Rosemeadow	Sydney	Natural	NSW1092522
S17_NSW1092636_FWD09	FALSE	FALSE	Sample	Microlaena_stipoides	Bournda_NP_North_Tura	Microlaena_stipoides_Bournda_NP_North_Tura	Bournda_NP_North_Tura_Microlaena_stipoides	Microlaena_stipoides_Natural	Natural_Bournda_NP_North_Tura	South_Coast	Natural	NSW1092636
S170f_NSW1092505_FWD23	FALSE	FALSE	Sample	Microlaena_stipoides	Noorumba_Reserve_Rosemeadow	Microlaena_stipoides_Noorumba_Reserve_Rosemeadow	Noorumba_Reserve_Rosemeadow_Microlaena_stipoides	Microlaena_stipoides_Natural	Natural_Noorumba_Reserve_Rosemeadow	Sydney	Natural	NSW1092505
S171_NSW1092506_FWD11	FALSE	FALSE	Sample	Microlaena_stipoides	Noorumba_Reserve_Rosemeadow	Microlaena_stipoides_Noorumba_Reserve_Rosemeadow	Noorumba_Reserve_Rosemeadow_Microlaena_stipoides	Microlaena_stipoides_Natural	Natural_Noorumba_Reserve_Rosemeadow	Sydney	Natural	NSW1092506
S172_NSW1092507_FWD11	FALSE	FALSE	Sample	Microlaena_stipoides	Noorumba_Reserve_Rosemeadow	Microlaena_stipoides_Noorumba_Reserve_Rosemeadow	Noorumba_Reserve_Rosemeadow_Microlaena_stipoides	Microlaena_stipoides_Natural	Natural_Noorumba_Reserve_Rosemeadow	Sydney	Natural	NSW1092507
S173_NSW1092508_FWD11	FALSE	FALSE	Sample	Microlaena_stipoides	Noorumba_Reserve_Rosemeadow	Microlaena_stipoides_Noorumba_Reserve_Rosemeadow	Noorumba_Reserve_Rosemeadow_Microlaena_stipoides	Microlaena_stipoides_Natural	Natural_Noorumba_Reserve_Rosemeadow	Sydney	Natural	NSW1092508
S174_NSW1092521_FWD11	FALSE	FALSE	Sample	Microlaena_stipoides	Noorumba_Reserve_Rosemeadow	Microlaena_stipoides_Noorumba_Reserve_Rosemeadow	Noorumba_Reserve_Rosemeadow_Microlaena_stipoides	Microlaena_stipoides_Natural	Natural_Noorumba_Reserve_Rosemeadow	Sydney	Natural	NSW1092521
S175_NSW1092520_FWD11	FALSE	FALSE	Sample	Microlaena_stipoides	Noorumba_Reserve_Rosemeadow	Microlaena_stipoides_Noorumba_Reserve_Rosemeadow	Noorumba_Reserve_Rosemeadow_Microlaena_stipoides	Microlaena_stipoides_Natural	Natural_Noorumba_Reserve_Rosemeadow	Sydney	Natural	NSW1092520
S176_NSW1092503_FWD12	FALSE	FALSE	Sample	Themeda_triandra	Noorumba_Reserve_Rosemeadow	Themeda_triandra_Noorumba_Reserve_Rosemeadow	Noorumba_Reserve_Rosemeadow_Themeda_triandra	Themeda_triandra_Natural	Natural_Noorumba_Reserve_Rosemeadow	Sydney	Natural	NSW1092503
S177_NSW1092518_FWD12	FALSE	FALSE	Sample	Themeda_triandra	Noorumba_Reserve_Rosemeadow	Themeda_triandra_Noorumba_Reserve_Rosemeadow	Noorumba_Reserve_Rosemeadow_Themeda_triandra	Themeda_triandra_Natural	Natural_Noorumba_Reserve_Rosemeadow	Sydney	Natural	NSW1092518
S178_NSW1092510_FWD12	FALSE	FALSE	Sample	Themeda_triandra	Noorumba_Reserve_Rosemeadow	Themeda_triandra_Noorumba_Reserve_Rosemeadow	Noorumba_Reserve_Rosemeadow_Themeda_triandra	Themeda_triandra_Natural	Natural_Noorumba_Reserve_Rosemeadow	Sydney	Natural	NSW1092510
S179_NSW1092511_FWD12	FALSE	FALSE	Sample	Themeda_triandra	Noorumba_Reserve_Rosemeadow	Themeda_triandra_Noorumba_Reserve_Rosemeadow	Noorumba_Reserve_Rosemeadow_Themeda_triandra	Themeda_triandra_Natural	Natural_Noorumba_Reserve_Rosemeadow	Sydney	Natural	NSW1092511
S180_NSW1092513_FWD12	FALSE	FALSE	Sample	Themeda_triandra	Noorumba_Reserve_Rosemeadow	Themeda_triandra_Noorumba_Reserve_Rosemeadow	Noorumba_Reserve_Rosemeadow_Themeda_triandra	Themeda_triandra_Natural	Natural_Noorumba_Reserve_Rosemeadow	Sydney	Natural	NSW1092513
S181_NSW1092514_FWD12	FALSE	FALSE	Sample	Themeda_triandra	Noorumba_Reserve_Rosemeadow	Themeda_triandra_Noorumba_Reserve_Rosemeadow	Noorumba_Reserve_Rosemeadow_Themeda_triandra	Themeda_triandra_Natural	Natural_Noorumba_Reserve_Rosemeadow	Sydney	Natural	NSW1092514
S182_NSW1092517_FWD12	FALSE	FALSE	Sample	Themeda_triandra	Noorumba_Reserve_Rosemeadow	Themeda_triandra_Noorumba_Reserve_Rosemeadow	Noorumba_Reserve_Rosemeadow_Themeda_triandra	Themeda_triandra_Natural	Natural_Noorumba_Reserve_Rosemeadow	Sydney	Natural	NSW1092517
S183_NSW1092516_FWD12	FALSE	FALSE	Sample	Themeda_triandra	Noorumba_Reserve_Rosemeadow	Themeda_triandra_Noorumba_Reserve_Rosemeadow	Noorumba_Reserve_Rosemeadow_Themeda_triandra	Themeda_triandra_Natural	Natural_Noorumba_Reserve_Rosemeadow	Sydney	Natural	NSW1092516
S184_NSW1092491_FWD12	FALSE	FALSE	Sample	Microlaena_stipoides	Crest_Reserve_Bankstown	Microlaena_stipoides_Crest_Reserve_Bankstown	Crest_Reserve_Bankstown_Microlaena_stipoides	Microlaena_stipoides_Restored	Restored_Crest_Reserve_Bankstown	Sydney	Restored	NSW1092491
S185_NSW1092492_FWD12	FALSE	FALSE	Sample	Microlaena_stipoides	Crest_Reserve_Bankstown	Microlaena_stipoides_Crest_Reserve_Bankstown	Crest_Reserve_Bankstown_Microlaena_stipoides	Microlaena_stipoides_Restored	Restored_Crest_Reserve_Bankstown	Sydney	Restored	NSW1092492
S186_NSW1092493_FWD12	FALSE	FALSE	Sample	Microlaena_stipoides	Crest_Reserve_Bankstown	Microlaena_stipoides_Crest_Reserve_Bankstown	Crest_Reserve_Bankstown_Microlaena_stipoides	Microlaena_stipoides_Restored	Restored_Crest_Reserve_Bankstown	Sydney	Restored	NSW1092493
S187_NSW1092494_FWD12	FALSE	FALSE	Sample	Microlaena_stipoides	Crest_Reserve_Bankstown	Microlaena_stipoides_Crest_Reserve_Bankstown	Crest_Reserve_Bankstown_Microlaena_stipoides	Microlaena_stipoides_Restored	Restored_Crest_Reserve_Bankstown	Sydney	Restored	NSW1092494
S188_NSW1092496_FWD13	FALSE	FALSE	Sample	Microlaena_stipoides	Crest_Reserve_Bankstown	Microlaena_stipoides_Crest_Reserve_Bankstown	Crest_Reserve_Bankstown_Microlaena_stipoides	Microlaena_stipoides_Restored	Restored_Crest_Reserve_Bankstown	Sydney	Restored	NSW1092496
S189_NSW1092498_FWD13	FALSE	FALSE	Sample	Microlaena_stipoides	Crest_Reserve_Bankstown	Microlaena_stipoides_Crest_Reserve_Bankstown	Crest_Reserve_Bankstown_Microlaena_stipoides	Microlaena_stipoides_Restored	Restored_Crest_Reserve_Bankstown	Sydney	Restored	NSW1092498
S19_NSW1092584_FWD10	FALSE	FALSE	Sample	Microlaena_stipoides	Garrad_Reserve_Narrawallee	Microlaena_stipoides_Garrad_Reserve_Narrawallee	Garrad_Reserve_Narrawallee_Microlaena_stipoides	Microlaena_stipoides_Restored	Restored_Garrad_Reserve_Narrawallee	South_Coast	Restored	NSW1092584
S190_NSW1092499_FWD13	FALSE	FALSE	Sample	Microlaena_stipoides	Crest_Reserve_Bankstown	Microlaena_stipoides_Crest_Reserve_Bankstown	Crest_Reserve_Bankstown_Microlaena_stipoides	Microlaena_stipoides_Restored	Restored_Crest_Reserve_Bankstown	Sydney	Restored	NSW1092499
S191_NSW1092486_FWD13	FALSE	FALSE	Sample	Themeda_triandra	Crest_Reserve_Bankstown	Themeda_triandra_Crest_Reserve_Bankstown	Crest_Reserve_Bankstown_Themeda_triandra	Themeda_triandra_Restored	Restored_Crest_Reserve_Bankstown	Sydney	Restored	NSW1092486
S192_NSW1092482_FWD13	FALSE	FALSE	Sample	Themeda_triandra	Crest_Reserve_Bankstown	Themeda_triandra_Crest_Reserve_Bankstown	Crest_Reserve_Bankstown_Themeda_triandra	Themeda_triandra_Restored	Restored_Crest_Reserve_Bankstown	Sydney	Restored	NSW1092482
S193_NSW1092477_FWD13	FALSE	FALSE	Sample	Themeda_triandra	Crest_Reserve_Bankstown	Themeda_triandra_Crest_Reserve_Bankstown	Crest_Reserve_Bankstown_Themeda_triandra	Themeda_triandra_Restored	Restored_Crest_Reserve_Bankstown	Sydney	Restored	NSW1092477
S194_NSW1092487_FWD13	FALSE	FALSE	Sample	Themeda_triandra	Crest_Reserve_Bankstown	Themeda_triandra_Crest_Reserve_Bankstown	Crest_Reserve_Bankstown_Themeda_triandra	Themeda_triandra_Restored	Restored_Crest_Reserve_Bankstown	Sydney	Restored	NSW1092487
S195_NSW1092488_FWD13	FALSE	FALSE	Sample	Themeda_triandra	Crest_Reserve_Bankstown	Themeda_triandra_Crest_Reserve_Bankstown	Crest_Reserve_Bankstown_Themeda_triandra	Themeda_triandra_Restored	Restored_Crest_Reserve_Bankstown	Sydney	Restored	NSW1092488
S196_NSW1092489_FWD13	FALSE	FALSE	Sample	Themeda_triandra	Crest_Reserve_Bankstown	Themeda_triandra_Crest_Reserve_Bankstown	Crest_Reserve_Bankstown_Themeda_triandra	Themeda_triandra_Restored	Restored_Crest_Reserve_Bankstown	Sydney	Restored	NSW1092489
S197_NSW1092502_FWD13	FALSE	FALSE	Sample	Themeda_triandra	Crest_Reserve_Bankstown	Themeda_triandra_Crest_Reserve_Bankstown	Crest_Reserve_Bankstown_Themeda_triandra	Themeda_triandra_Restored	Restored_Crest_Reserve_Bankstown	Sydney	Restored	NSW1092502
S198_NSW1092481_FWD13	FALSE	FALSE	Sample	Themeda_triandra	Crest_Reserve_Bankstown	Themeda_triandra_Crest_Reserve_Bankstown	Crest_Reserve_Bankstown_Themeda_triandra	Themeda_triandra_Restored	Restored_Crest_Reserve_Bankstown	Sydney	Restored	NSW1092481
S199_NSW1092638_FWD13	FALSE	FALSE	Sample	Microlaena_stipoides	Elizabeth_Macarthur_Reserve_Camden	Microlaena_stipoides_Elizabeth_Macarthur_Reserve_Camden	Elizabeth_Macarthur_Reserve_Camden_Microlaena_stipoides	Microlaena_stipoides_Restored	Restored_Elizabeth_Macarthur_Reserve_Camden	Sydney	Restored	NSW1092638
S20_NSW1092634_FWD10	FALSE	FALSE	Sample	Microlaena_stipoides	Tathra_APZ_Panorama_Drive	Microlaena_stipoides_Tathra_APZ_Panorama_Drive	Tathra_APZ_Panorama_Drive_Microlaena_stipoides	Microlaena_stipoides_Restored	Restored_Tathra_APZ_Panorama_Drive	South_Coast	Restored	NSW1092634
S200_NSW1092639_FWD14	FALSE	FALSE	Sample	Microlaena_stipoides	Elizabeth_Macarthur_Reserve_Camden	Microlaena_stipoides_Elizabeth_Macarthur_Reserve_Camden	Elizabeth_Macarthur_Reserve_Camden_Microlaena_stipoides	Microlaena_stipoides_Restored	Restored_Elizabeth_Macarthur_Reserve_Camden	Sydney	Restored	NSW1092639
S201f_NSW1092640_FWD24	FALSE	FALSE	Sample	Microlaena_stipoides	Elizabeth_Macarthur_Reserve_Camden	Microlaena_stipoides_Elizabeth_Macarthur_Reserve_Camden	Elizabeth_Macarthur_Reserve_Camden_Microlaena_stipoides	Microlaena_stipoides_Restored	Restored_Elizabeth_Macarthur_Reserve_Camden	Sydney	Restored	NSW1092640
S202_NSW1092643_FWD14	FALSE	FALSE	Sample	Microlaena_stipoides	Elizabeth_Macarthur_Reserve_Camden	Microlaena_stipoides_Elizabeth_Macarthur_Reserve_Camden	Elizabeth_Macarthur_Reserve_Camden_Microlaena_stipoides	Microlaena_stipoides_Restored	Restored_Elizabeth_Macarthur_Reserve_Camden	Sydney	Restored	NSW1092643
S203_NSW1092649_FWD14	FALSE	FALSE	Sample	Microlaena_stipoides	Elizabeth_Macarthur_Reserve_Camden	Microlaena_stipoides_Elizabeth_Macarthur_Reserve_Camden	Elizabeth_Macarthur_Reserve_Camden_Microlaena_stipoides	Microlaena_stipoides_Restored	Restored_Elizabeth_Macarthur_Reserve_Camden	Sydney	Restored	NSW1092649
S204f_NSW1092644_FWD24	FALSE	FALSE	Sample	Microlaena_stipoides	Elizabeth_Macarthur_Reserve_Camden	Microlaena_stipoides_Elizabeth_Macarthur_Reserve_Camden	Elizabeth_Macarthur_Reserve_Camden_Microlaena_stipoides	Microlaena_stipoides_Restored	Restored_Elizabeth_Macarthur_Reserve_Camden	Sydney	Restored	NSW1092644
S205_NSW1092645_FWD14	FALSE	FALSE	Sample	Microlaena_stipoides	Elizabeth_Macarthur_Reserve_Camden	Microlaena_stipoides_Elizabeth_Macarthur_Reserve_Camden	Elizabeth_Macarthur_Reserve_Camden_Microlaena_stipoides	Microlaena_stipoides_Restored	Restored_Elizabeth_Macarthur_Reserve_Camden	Sydney	Restored	NSW1092645
S206_NSW1092648_FWD14	FALSE	FALSE	Sample	Microlaena_stipoides	Elizabeth_Macarthur_Reserve_Camden	Microlaena_stipoides_Elizabeth_Macarthur_Reserve_Camden	Elizabeth_Macarthur_Reserve_Camden_Microlaena_stipoides	Microlaena_stipoides_Restored	Restored_Elizabeth_Macarthur_Reserve_Camden	Sydney	Restored	NSW1092648
S207_NSW1092655_FWD14	FALSE	FALSE	Sample	Themeda_triandra	Elizabeth_Macarthur_Reserve_Camden	Themeda_triandra_Elizabeth_Macarthur_Reserve_Camden	Elizabeth_Macarthur_Reserve_Camden_Themeda_triandra	Themeda_triandra_Restored	Restored_Elizabeth_Macarthur_Reserve_Camden	Sydney	Restored	NSW1092655
S208_NSW1092658_FWD14	FALSE	FALSE	Sample	Themeda_triandra	Elizabeth_Macarthur_Reserve_Camden	Themeda_triandra_Elizabeth_Macarthur_Reserve_Camden	Elizabeth_Macarthur_Reserve_Camden_Themeda_triandra	Themeda_triandra_Restored	Restored_Elizabeth_Macarthur_Reserve_Camden	Sydney	Restored	NSW1092658
S209_NSW1092659_FWD14	FALSE	FALSE	Sample	Themeda_triandra	Elizabeth_Macarthur_Reserve_Camden	Themeda_triandra_Elizabeth_Macarthur_Reserve_Camden	Elizabeth_Macarthur_Reserve_Camden_Themeda_triandra	Themeda_triandra_Restored	Restored_Elizabeth_Macarthur_Reserve_Camden	Sydney	Restored	NSW1092659
S210_NSW1092660_FWD14	FALSE	FALSE	Sample	Themeda_triandra	Elizabeth_Macarthur_Reserve_Camden	Themeda_triandra_Elizabeth_Macarthur_Reserve_Camden	Elizabeth_Macarthur_Reserve_Camden_Themeda_triandra	Themeda_triandra_Restored	Restored_Elizabeth_Macarthur_Reserve_Camden	Sydney	Restored	NSW1092660
S211_NSW1092665_FWD14	FALSE	FALSE	Sample	Themeda_triandra	Elizabeth_Macarthur_Reserve_Camden	Themeda_triandra_Elizabeth_Macarthur_Reserve_Camden	Elizabeth_Macarthur_Reserve_Camden_Themeda_triandra	Themeda_triandra_Restored	Restored_Elizabeth_Macarthur_Reserve_Camden	Sydney	Restored	NSW1092665
S212_NSW1092664_FWD15	FALSE	FALSE	Sample	Themeda_triandra	Elizabeth_Macarthur_Reserve_Camden	Themeda_triandra_Elizabeth_Macarthur_Reserve_Camden	Elizabeth_Macarthur_Reserve_Camden_Themeda_triandra	Themeda_triandra_Restored	Restored_Elizabeth_Macarthur_Reserve_Camden	Sydney	Restored	NSW1092664
S213_NSW1092668_FWD15	FALSE	FALSE	Sample	Themeda_triandra	Elizabeth_Macarthur_Reserve_Camden	Themeda_triandra_Elizabeth_Macarthur_Reserve_Camden	Elizabeth_Macarthur_Reserve_Camden_Themeda_triandra	Themeda_triandra_Restored	Restored_Elizabeth_Macarthur_Reserve_Camden	Sydney	Restored	NSW1092668
S214_NSW1092669_FWD15	FALSE	FALSE	Sample	Themeda_triandra	Elizabeth_Macarthur_Reserve_Camden	Themeda_triandra_Elizabeth_Macarthur_Reserve_Camden	Elizabeth_Macarthur_Reserve_Camden_Themeda_triandra	Themeda_triandra_Restored	Restored_Elizabeth_Macarthur_Reserve_Camden	Sydney	Restored	NSW1092669
S215_NSW1092845_FWD15	FALSE	FALSE	Sample	Themeda_triandra	Yarramundi_Grasslands	Themeda_triandra_Yarramundi_Grasslands	Yarramundi_Grasslands_Themeda_triandra	Themeda_triandra_Restored	Restored_Yarramundi_Grasslands	Canberra	Restored	NSW1092845
S216_NSW1092815_FWD15	FALSE	FALSE	Sample	Themeda_triandra	Yarramundi_Grasslands	Themeda_triandra_Yarramundi_Grasslands	Yarramundi_Grasslands_Themeda_triandra	Themeda_triandra_Restored	Restored_Yarramundi_Grasslands	Canberra	Restored	NSW1092815
S217_NSW1092820_FWD15	FALSE	FALSE	Sample	Themeda_triandra	Yarramundi_Grasslands	Themeda_triandra_Yarramundi_Grasslands	Yarramundi_Grasslands_Themeda_triandra	Themeda_triandra_Restored	Restored_Yarramundi_Grasslands	Canberra	Restored	NSW1092820
S218_NSW1092825_FWD15	FALSE	FALSE	Sample	Themeda_triandra	Yarramundi_Grasslands	Themeda_triandra_Yarramundi_Grasslands	Yarramundi_Grasslands_Themeda_triandra	Themeda_triandra_Restored	Restored_Yarramundi_Grasslands	Canberra	Restored	NSW1092825
S219_NSW1092830_FWD15	FALSE	FALSE	Sample	Themeda_triandra	Yarramundi_Grasslands	Themeda_triandra_Yarramundi_Grasslands	Yarramundi_Grasslands_Themeda_triandra	Themeda_triandra_Restored	Restored_Yarramundi_Grasslands	Canberra	Restored	NSW1092830
S22_NSW1092495_FWD10	FALSE	FALSE	Sample	Microlaena_stipoides	Crest_Reserve_Bankstown	Microlaena_stipoides_Crest_Reserve_Bankstown	Crest_Reserve_Bankstown_Microlaena_stipoides	Microlaena_stipoides_Restored	Restored_Crest_Reserve_Bankstown	Sydney	Restored	NSW1092495
S220_NSW1092860_FWD15	FALSE	FALSE	Sample	Themeda_triandra	Yarramundi_Grasslands	Themeda_triandra_Yarramundi_Grasslands	Yarramundi_Grasslands_Themeda_triandra	Themeda_triandra_Restored	Restored_Yarramundi_Grasslands	Canberra	Restored	NSW1092860
S221_NSW1092866_FWD15	FALSE	FALSE	Sample	Themeda_triandra	Yarramundi_Grasslands	Themeda_triandra_Yarramundi_Grasslands	Yarramundi_Grasslands_Themeda_triandra	Themeda_triandra_Restored	Restored_Yarramundi_Grasslands	Canberra	Restored	NSW1092866
S222f_NSW1092792_FWD24	FALSE	FALSE	Sample	Microlaena_stipoides	Mount_Pleasant	Microlaena_stipoides_Mount_Pleasant	Mount_Pleasant_Microlaena_stipoides	Microlaena_stipoides_Natural	Natural_Mount_Pleasant	Canberra	Natural	NSW1092792
S223_NSW1092791_FWD15	FALSE	FALSE	Sample	Microlaena_stipoides	Mount_Pleasant	Microlaena_stipoides_Mount_Pleasant	Mount_Pleasant_Microlaena_stipoides	Microlaena_stipoides_Natural	Natural_Mount_Pleasant	Canberra	Natural	NSW1092791
S224_NSW1092801_FWD16	FALSE	FALSE	Sample	Microlaena_stipoides	Mount_Pleasant	Microlaena_stipoides_Mount_Pleasant	Mount_Pleasant_Microlaena_stipoides	Microlaena_stipoides_Natural	Natural_Mount_Pleasant	Canberra	Natural	NSW1092801
S225_NSW1092806_FWD16	FALSE	FALSE	Sample	Microlaena_stipoides	Mount_Pleasant	Microlaena_stipoides_Mount_Pleasant	Mount_Pleasant_Microlaena_stipoides	Microlaena_stipoides_Natural	Natural_Mount_Pleasant	Canberra	Natural	NSW1092806
S226_NSW1092821_FWD16	FALSE	FALSE	Sample	Microlaena_stipoides	Mount_Pleasant	Microlaena_stipoides_Mount_Pleasant	Mount_Pleasant_Microlaena_stipoides	Microlaena_stipoides_Natural	Natural_Mount_Pleasant	Canberra	Natural	NSW1092821
S227_NSW1092816_FWD16	FALSE	FALSE	Sample	Microlaena_stipoides	Mount_Pleasant	Microlaena_stipoides_Mount_Pleasant	Mount_Pleasant_Microlaena_stipoides	Microlaena_stipoides_Natural	Natural_Mount_Pleasant	Canberra	Natural	NSW1092816
S228_NSW1092898_FWD16	FALSE	FALSE	Sample	Microlaena_stipoides	Mount_Pleasant	Microlaena_stipoides_Mount_Pleasant	Mount_Pleasant_Microlaena_stipoides	Microlaena_stipoides_Natural	Natural_Mount_Pleasant	Canberra	Natural	NSW1092898
S229_NSW1092807_FWD16	FALSE	FALSE	Sample	Themeda_triandra	Mount_Pleasant	Themeda_triandra_Mount_Pleasant	Mount_Pleasant_Themeda_triandra	Themeda_triandra_Natural	Natural_Mount_Pleasant	Canberra	Natural	NSW1092807
S23_NSW1092504_FWD10	FALSE	FALSE	Sample	Microlaena_stipoides	Noorumba_Reserve_Rosemeadow	Microlaena_stipoides_Noorumba_Reserve_Rosemeadow	Noorumba_Reserve_Rosemeadow_Microlaena_stipoides	Microlaena_stipoides_Natural	Natural_Noorumba_Reserve_Rosemeadow	Sydney	Natural	NSW1092504
S230_NSW1092812_FWD16	FALSE	FALSE	Sample	Themeda_triandra	Mount_Pleasant	Themeda_triandra_Mount_Pleasant	Mount_Pleasant_Themeda_triandra	Themeda_triandra_Natural	Natural_Mount_Pleasant	Canberra	Natural	NSW1092812
S231_NSW1092817_FWD16	FALSE	FALSE	Sample	Themeda_triandra	Mount_Pleasant	Themeda_triandra_Mount_Pleasant	Mount_Pleasant_Themeda_triandra	Themeda_triandra_Natural	Natural_Mount_Pleasant	Canberra	Natural	NSW1092817
S232_NSW1092647_FWD16	FALSE	FALSE	Sample	Themeda_triandra	Mount_Pleasant	Themeda_triandra_Mount_Pleasant	Mount_Pleasant_Themeda_triandra	Themeda_triandra_Natural	Natural_Mount_Pleasant	Canberra	Natural	NSW1092647
S233_NSW1092837_FWD16	FALSE	FALSE	Sample	Themeda_triandra	Mount_Pleasant	Themeda_triandra_Mount_Pleasant	Mount_Pleasant_Themeda_triandra	Themeda_triandra_Natural	Natural_Mount_Pleasant	Canberra	Natural	NSW1092837
S234_NSW1092796_FWD16	FALSE	FALSE	Sample	Themeda_triandra	Mount_Pleasant	Themeda_triandra_Mount_Pleasant	Mount_Pleasant_Themeda_triandra	Themeda_triandra_Natural	Natural_Mount_Pleasant	Canberra	Natural	NSW1092796
S235_NSW1092786_FWD16	FALSE	FALSE	Sample	Themeda_triandra	Mount_Pleasant	Themeda_triandra_Mount_Pleasant	Mount_Pleasant_Themeda_triandra	Themeda_triandra_Natural	Natural_Mount_Pleasant	Canberra	Natural	NSW1092786
S24_NSW1092849_FWD10	FALSE	FALSE	Sample	Microlaena_stipoides	Mount_Pleasant	Microlaena_stipoides_Mount_Pleasant	Mount_Pleasant_Microlaena_stipoides	Microlaena_stipoides_Natural	Natural_Mount_Pleasant	Canberra	Natural	NSW1092849
S26_NSW1092534_FWD10	FALSE	FALSE	Sample	Themeda_triandra	Meroo_NP_Romney_Park_Road	Themeda_triandra_Meroo_NP_Romney_Park_Road	Meroo_NP_Romney_Park_Road_Themeda_triandra	Themeda_triandra_Natural	Natural_Meroo_NP_Romney_Park_Road	South_Coast	Natural	NSW1092534
S264_NSW1079774_FWD19	FALSE	FALSE	Sample	Melaleuca_quinquenervia	Limeburners_Creek_National_Park	Melaleuca_quinquenervia_Limeburners_Creek_National_Park	Limeburners_Creek_National_Park_Melaleuca_quinquenervia	Melaleuca_quinquenervia_Natural	Natural_Limeburners_Creek_National_Park	North_Coast	Natural	NSW1079774
S266_NSW1079799_FWD19	FALSE	FALSE	Sample	Melaleuca_quinquenervia	Limeburners_Creek_National_Park	Melaleuca_quinquenervia_Limeburners_Creek_National_Park	Limeburners_Creek_National_Park_Melaleuca_quinquenervia	Melaleuca_quinquenervia_Natural	Natural_Limeburners_Creek_National_Park	North_Coast	Natural	NSW1079799
S267_NSW1079761_FWD19	FALSE	FALSE	Sample	Melaleuca_quinquenervia	Limeburners_Creek_National_Park	Melaleuca_quinquenervia_Limeburners_Creek_National_Park	Limeburners_Creek_National_Park_Melaleuca_quinquenervia	Melaleuca_quinquenervia_Natural	Natural_Limeburners_Creek_National_Park	North_Coast	Natural	NSW1079761
S268_NSW1079767_FWD19	FALSE	FALSE	Sample	Melaleuca_quinquenervia	Limeburners_Creek_National_Park	Melaleuca_quinquenervia_Limeburners_Creek_National_Park	Limeburners_Creek_National_Park_Melaleuca_quinquenervia	Melaleuca_quinquenervia_Natural	Natural_Limeburners_Creek_National_Park	North_Coast	Natural	NSW1079767
S269_NSW1079762_FWD19	FALSE	FALSE	Sample	Melaleuca_quinquenervia	Limeburners_Creek_National_Park	Melaleuca_quinquenervia_Limeburners_Creek_National_Park	Limeburners_Creek_National_Park_Melaleuca_quinquenervia	Melaleuca_quinquenervia_Natural	Natural_Limeburners_Creek_National_Park	North_Coast	Natural	NSW1079762
S27_NSW1092587_FWD10	FALSE	FALSE	Sample	Themeda_triandra	Jervis_Bay_NP_Parnell_Road	Themeda_triandra_Jervis_Bay_NP_Parnell_Road	Jervis_Bay_NP_Parnell_Road_Themeda_triandra	Themeda_triandra_Natural	Natural_Jervis_Bay_NP_Parnell_Road	South_Coast	Natural	NSW1092587
S271_NSW1079765_FWD19	FALSE	FALSE	Sample	Melaleuca_quinquenervia	Limeburners_Creek_National_Park	Melaleuca_quinquenervia_Limeburners_Creek_National_Park	Limeburners_Creek_National_Park_Melaleuca_quinquenervia	Melaleuca_quinquenervia_Natural	Natural_Limeburners_Creek_National_Park	North_Coast	Natural	NSW1079765
S276_NSW1079738_FWD20	FALSE	FALSE	Sample	Melaleuca_quinquenervia	Crowdy_Bay_National_Park	Melaleuca_quinquenervia_Crowdy_Bay_National_Park	Crowdy_Bay_National_Park_Melaleuca_quinquenervia	Melaleuca_quinquenervia_Natural	Natural_Crowdy_Bay_National_Park	North_Coast	Natural	NSW1079738
S277_NSW1079743_FWD20	FALSE	FALSE	Sample	Melaleuca_quinquenervia	Crowdy_Bay_National_Park	Melaleuca_quinquenervia_Crowdy_Bay_National_Park	Crowdy_Bay_National_Park_Melaleuca_quinquenervia	Melaleuca_quinquenervia_Natural	Natural_Crowdy_Bay_National_Park	North_Coast	Natural	NSW1079743
S28_NSW1092616_FWD10	FALSE	FALSE	Sample	Themeda_triandra	Short_Point_Reserve_Merimbula	Themeda_triandra_Short_Point_Reserve_Merimbula	Short_Point_Reserve_Merimbula_Themeda_triandra	Themeda_triandra_Restored	Restored_Short_Point_Reserve_Merimbula	South_Coast	Restored	NSW1092616
S283_NSW1079702_FWD20	FALSE	FALSE	Sample	Melaleuca_quinquenervia	Colongra_Swamp_NR	Melaleuca_quinquenervia_Colongra_Swamp_NR	Colongra_Swamp_NR_Melaleuca_quinquenervia	Melaleuca_quinquenervia_Natural	Natural_Colongra_Swamp_NR	North_Coast	Natural	NSW1079702
S284_NSW1074429_FWD21	FALSE	FALSE	Sample	Melaleuca_quinquenervia	Colongra_Swamp_NR	Melaleuca_quinquenervia_Colongra_Swamp_NR	Colongra_Swamp_NR_Melaleuca_quinquenervia	Melaleuca_quinquenervia_Natural	Natural_Colongra_Swamp_NR	North_Coast	Natural	NSW1074429
S285_NSW1074428_FWD21	FALSE	FALSE	Sample	Melaleuca_quinquenervia	Colongra_Swamp_NR	Melaleuca_quinquenervia_Colongra_Swamp_NR	Colongra_Swamp_NR_Melaleuca_quinquenervia	Melaleuca_quinquenervia_Natural	Natural_Colongra_Swamp_NR	North_Coast	Natural	NSW1074428
S286_NSW1079654_FWD21	FALSE	FALSE	Sample	Melaleuca_quinquenervia	Colongra_Swamp_NR	Melaleuca_quinquenervia_Colongra_Swamp_NR	Colongra_Swamp_NR_Melaleuca_quinquenervia	Melaleuca_quinquenervia_Natural	Natural_Colongra_Swamp_NR	North_Coast	Natural	NSW1079654
S287_NSW1079675_FWD21	FALSE	FALSE	Sample	Melaleuca_quinquenervia	Colongra_Swamp_NR	Melaleuca_quinquenervia_Colongra_Swamp_NR	Colongra_Swamp_NR_Melaleuca_quinquenervia	Melaleuca_quinquenervia_Natural	Natural_Colongra_Swamp_NR	North_Coast	Natural	NSW1079675
S288_NSW1074458_FWD21	FALSE	FALSE	Sample	Melaleuca_quinquenervia	Colongra_Swamp_NR	Melaleuca_quinquenervia_Colongra_Swamp_NR	Colongra_Swamp_NR_Melaleuca_quinquenervia	Melaleuca_quinquenervia_Natural	Natural_Colongra_Swamp_NR	North_Coast	Natural	NSW1074458
S289_NSW1074423_FWD21	FALSE	FALSE	Sample	Melaleuca_quinquenervia	Colongra_Swamp_NR	Melaleuca_quinquenervia_Colongra_Swamp_NR	Colongra_Swamp_NR_Melaleuca_quinquenervia	Melaleuca_quinquenervia_Natural	Natural_Colongra_Swamp_NR	North_Coast	Natural	NSW1074423
S29_NSW1092896_FWD10	FALSE	FALSE	Sample	Themeda_triandra	Duesburys_Point_Dalmeny	Themeda_triandra_Duesburys_Point_Dalmeny	Duesburys_Point_Dalmeny_Themeda_triandra	Themeda_triandra_Natural	Natural_Duesburys_Point_Dalmeny	South_Coast	Natural	NSW1092896
S291_NSW1079814_FWD21	FALSE	FALSE	Sample	Melaleuca_quinquenervia	Lake_Innes_NR	Melaleuca_quinquenervia_Lake_Innes_NR	Lake_Innes_NR_Melaleuca_quinquenervia	Melaleuca_quinquenervia_Natural	Natural_Lake_Innes_NR	North_Coast	Natural	NSW1079814
S292_NSW1079784_FWD21	FALSE	FALSE	Sample	Melaleuca_quinquenervia	Lake_Innes_NR	Melaleuca_quinquenervia_Lake_Innes_NR	Lake_Innes_NR_Melaleuca_quinquenervia	Melaleuca_quinquenervia_Natural	Natural_Lake_Innes_NR	North_Coast	Natural	NSW1079784
S293_NSW1079819_FWD21	FALSE	FALSE	Sample	Melaleuca_quinquenervia	Lake_Innes_NR	Melaleuca_quinquenervia_Lake_Innes_NR	Lake_Innes_NR_Melaleuca_quinquenervia	Melaleuca_quinquenervia_Natural	Natural_Lake_Innes_NR	North_Coast	Natural	NSW1079819
S294_NSW1079745_FWD21	FALSE	FALSE	Sample	Melaleuca_quinquenervia	Lake_Innes_NR	Melaleuca_quinquenervia_Lake_Innes_NR	Lake_Innes_NR_Melaleuca_quinquenervia	Melaleuca_quinquenervia_Natural	Natural_Lake_Innes_NR	North_Coast	Natural	NSW1079745
S295_NSW1079794_FWD21	FALSE	FALSE	Sample	Melaleuca_quinquenervia	Lake_Innes_NR	Melaleuca_quinquenervia_Lake_Innes_NR	Lake_Innes_NR_Melaleuca_quinquenervia	Melaleuca_quinquenervia_Natural	Natural_Lake_Innes_NR	North_Coast	Natural	NSW1079794
S296_NSW1079789_FWD22	FALSE	FALSE	Sample	Melaleuca_quinquenervia	Lake_Innes_NR	Melaleuca_quinquenervia_Lake_Innes_NR	Lake_Innes_NR_Melaleuca_quinquenervia	Melaleuca_quinquenervia_Natural	Natural_Lake_Innes_NR	North_Coast	Natural	NSW1079789
S297_NSW1079755_FWD22	FALSE	FALSE	Sample	Melaleuca_quinquenervia	Lake_Innes_NR	Melaleuca_quinquenervia_Lake_Innes_NR	Lake_Innes_NR_Melaleuca_quinquenervia	Melaleuca_quinquenervia_Natural	Natural_Lake_Innes_NR	North_Coast	Natural	NSW1079755
S298_NSW1079750_FWD22	FALSE	FALSE	Sample	Melaleuca_quinquenervia	Lake_Innes_NR	Melaleuca_quinquenervia_Lake_Innes_NR	Lake_Innes_NR_Melaleuca_quinquenervia	Melaleuca_quinquenervia_Natural	Natural_Lake_Innes_NR	North_Coast	Natural	NSW1079750
S299_NSW1079723_FWD22	FALSE	FALSE	Sample	Melaleuca_quinquenervia	Tomaree_National_Park	Melaleuca_quinquenervia_Tomaree_National_Park	Tomaree_National_Park_Melaleuca_quinquenervia	Melaleuca_quinquenervia_Natural	Natural_Tomaree_National_Park	North_Coast	Natural	NSW1079723
S300_NSW1079708_FWD22	FALSE	FALSE	Sample	Melaleuca_quinquenervia	Tomaree_National_Park	Melaleuca_quinquenervia_Tomaree_National_Park	Tomaree_National_Park_Melaleuca_quinquenervia	Melaleuca_quinquenervia_Natural	Natural_Tomaree_National_Park	North_Coast	Natural	NSW1079708
S301_NSW1079713_FWD22	FALSE	FALSE	Sample	Melaleuca_quinquenervia	Tomaree_National_Park	Melaleuca_quinquenervia_Tomaree_National_Park	Tomaree_National_Park_Melaleuca_quinquenervia	Melaleuca_quinquenervia_Natural	Natural_Tomaree_National_Park	North_Coast	Natural	NSW1079713
S302_NSW1079692_FWD22	FALSE	FALSE	Sample	Melaleuca_quinquenervia	Tomaree_National_Park	Melaleuca_quinquenervia_Tomaree_National_Park	Tomaree_National_Park_Melaleuca_quinquenervia	Melaleuca_quinquenervia_Natural	Natural_Tomaree_National_Park	North_Coast	Natural	NSW1079692
S303_NSW1079703_FWD22	FALSE	FALSE	Sample	Melaleuca_quinquenervia	Tomaree_National_Park	Melaleuca_quinquenervia_Tomaree_National_Park	Tomaree_National_Park_Melaleuca_quinquenervia	Melaleuca_quinquenervia_Natural	Natural_Tomaree_National_Park	North_Coast	Natural	NSW1079703
S305_NSW1079718_FWD22	FALSE	FALSE	Sample	Melaleuca_quinquenervia	Tomaree_National_Park	Melaleuca_quinquenervia_Tomaree_National_Park	Tomaree_National_Park_Melaleuca_quinquenervia	Melaleuca_quinquenervia_Natural	Natural_Tomaree_National_Park	North_Coast	Natural	NSW1079718
S306_NSW1079658_FWD22	FALSE	FALSE	Sample	Melaleuca_quinquenervia	Tomaree_National_Park	Melaleuca_quinquenervia_Tomaree_National_Park	Tomaree_National_Park_Melaleuca_quinquenervia	Melaleuca_quinquenervia_Natural	Natural_Tomaree_National_Park	North_Coast	Natural	NSW1079658
S308_NSW1079697_FWD23	FALSE	FALSE	Sample	Melaleuca_quinquenervia	Tomaree_National_Park	Melaleuca_quinquenervia_Tomaree_National_Park	Tomaree_National_Park_Melaleuca_quinquenervia	Melaleuca_quinquenervia_Natural	Natural_Tomaree_National_Park	North_Coast	Natural	NSW1079697
S315_NSW1079788_FWD23	FALSE	FALSE	Sample	Melaleuca_quinquenervia	Hat_Head_National_Park	Melaleuca_quinquenervia_Hat_Head_National_Park	Hat_Head_National_Park_Melaleuca_quinquenervia	Melaleuca_quinquenervia_Natural	Natural_Hat_Head_National_Park	North_Coast	Natural	NSW1079788
S316_NSW1079793_FWD23	FALSE	FALSE	Sample	Melaleuca_quinquenervia	Hat_Head_National_Park	Melaleuca_quinquenervia_Hat_Head_National_Park	Hat_Head_National_Park_Melaleuca_quinquenervia	Melaleuca_quinquenervia_Natural	Natural_Hat_Head_National_Park	North_Coast	Natural	NSW1079793
S317_NSW1079783_FWD23	FALSE	FALSE	Sample	Melaleuca_quinquenervia	Hat_Head_National_Park	Melaleuca_quinquenervia_Hat_Head_National_Park	Hat_Head_National_Park_Melaleuca_quinquenervia	Melaleuca_quinquenervia_Natural	Natural_Hat_Head_National_Park	North_Coast	Natural	NSW1079783
S318_NSW1079813_FWD23	FALSE	FALSE	Sample	Melaleuca_quinquenervia	Hat_Head_National_Park	Melaleuca_quinquenervia_Hat_Head_National_Park	Hat_Head_National_Park_Melaleuca_quinquenervia	Melaleuca_quinquenervia_Natural	Natural_Hat_Head_National_Park	North_Coast	Natural	NSW1079813
S319_NSW1079808_FWD23	FALSE	FALSE	Sample	Melaleuca_quinquenervia	Hat_Head_National_Park	Melaleuca_quinquenervia_Hat_Head_National_Park	Hat_Head_National_Park_Melaleuca_quinquenervia	Melaleuca_quinquenervia_Natural	Natural_Hat_Head_National_Park	North_Coast	Natural	NSW1079808
S320_NSW1079747_FWD24	FALSE	FALSE	Sample	Melaleuca_quinquenervia	Hat_Head_National_Park	Melaleuca_quinquenervia_Hat_Head_National_Park	Hat_Head_National_Park_Melaleuca_quinquenervia	Melaleuca_quinquenervia_Natural	Natural_Hat_Head_National_Park	North_Coast	Natural	NSW1079747
S321f_NSW1093091_FWD17	FALSE	FALSE	Sample	Melaleuca_quinquenervia	Mambo_Wetlands	Melaleuca_quinquenervia_Mambo_Wetlands	Mambo_Wetlands_Melaleuca_quinquenervia	Melaleuca_quinquenervia_Restored	Restored_Mambo_Wetlands	North_Coast	Restored	NSW1093091
S322f_NSW1093019_FWD17	FALSE	FALSE	Sample	Melaleuca_quinquenervia	Novocastrian_Reserve	Melaleuca_quinquenervia_Novocastrian_Reserve	Novocastrian_Reserve_Melaleuca_quinquenervia	Melaleuca_quinquenervia_Restored	Restored_Novocastrian_Reserve	North_Coast	Restored	NSW1093019
S323f_NSW1092986_FWD17	FALSE	FALSE	Sample	Melaleuca_quinquenervia	Soldiers_Point_Park	Melaleuca_quinquenervia_Soldiers_Point_Park	Soldiers_Point_Park_Melaleuca_quinquenervia	Melaleuca_quinquenervia_Restored	Restored_Soldiers_Point_Park	North_Coast	Restored	NSW1092986
S324f_NSW1093014_FWD17	FALSE	FALSE	Sample	Melaleuca_quinquenervia	Novocastrian_Reserve	Melaleuca_quinquenervia_Novocastrian_Reserve	Novocastrian_Reserve_Melaleuca_quinquenervia	Melaleuca_quinquenervia_Restored	Restored_Novocastrian_Reserve	North_Coast	Restored	NSW1093014
S325f_NSW1093096_FWD17	FALSE	FALSE	Sample	Melaleuca_quinquenervia	Mambo_Wetlands	Melaleuca_quinquenervia_Mambo_Wetlands	Mambo_Wetlands_Melaleuca_quinquenervia	Melaleuca_quinquenervia_Restored	Restored_Mambo_Wetlands	North_Coast	Restored	NSW1093096
S326f_NSW1092981_FWD17	FALSE	FALSE	Sample	Melaleuca_quinquenervia	Soldiers_Point_Park	Melaleuca_quinquenervia_Soldiers_Point_Park	Soldiers_Point_Park_Melaleuca_quinquenervia	Melaleuca_quinquenervia_Restored	Restored_Soldiers_Point_Park	North_Coast	Restored	NSW1092981
S327f_NSW1092968_FWD17	FALSE	FALSE	Sample	Melaleuca_quinquenervia	Novocastrian_Reserve	Melaleuca_quinquenervia_Novocastrian_Reserve	Novocastrian_Reserve_Melaleuca_quinquenervia	Melaleuca_quinquenervia_Restored	Restored_Novocastrian_Reserve	North_Coast	Restored	NSW1092968
S328f_NSW1092999_FWD17	FALSE	FALSE	Sample	Melaleuca_quinquenervia	Novocastrian_Reserve	Melaleuca_quinquenervia_Novocastrian_Reserve	Novocastrian_Reserve_Melaleuca_quinquenervia	Melaleuca_quinquenervia_Restored	Restored_Novocastrian_Reserve	North_Coast	Restored	NSW1092999
S329f_NSW1092843_FWD17	FALSE	FALSE	Sample	Melaleuca_quinquenervia	Burrawang_Reserve_Woy_Woy	Melaleuca_quinquenervia_Burrawang_Reserve_Woy_Woy	Burrawang_Reserve_Woy_Woy_Melaleuca_quinquenervia	Melaleuca_quinquenervia_Restored	Restored_Burrawang_Reserve_Woy_Woy	North_Coast	Restored	NSW1092843
S330f_NSW1092977_FWD17	FALSE	FALSE	Sample	Melaleuca_quinquenervia	Budgewoi_Dune_Care	Melaleuca_quinquenervia_Budgewoi_Dune_Care	Budgewoi_Dune_Care_Melaleuca_quinquenervia	Melaleuca_quinquenervia_Restored	Restored_Budgewoi_Dune_Care	North_Coast	Restored	NSW1092977
S331f_NSW1093004_FWD17	FALSE	FALSE	Sample	Melaleuca_quinquenervia	Novocastrian_Reserve	Melaleuca_quinquenervia_Novocastrian_Reserve	Novocastrian_Reserve_Melaleuca_quinquenervia	Melaleuca_quinquenervia_Restored	Restored_Novocastrian_Reserve	North_Coast	Restored	NSW1093004
S332f_NSW1093846_FWD17	FALSE	FALSE	Sample	Melaleuca_quinquenervia	Burrawang_Reserve_Woy_Woy	Melaleuca_quinquenervia_Burrawang_Reserve_Woy_Woy	Burrawang_Reserve_Woy_Woy_Melaleuca_quinquenervia	Melaleuca_quinquenervia_Restored	Restored_Burrawang_Reserve_Woy_Woy	North_Coast	Restored	NSW1093846
S333f_NSW1092994_FWD18	FALSE	FALSE	Sample	Melaleuca_quinquenervia	Novocastrian_Reserve	Melaleuca_quinquenervia_Novocastrian_Reserve	Novocastrian_Reserve_Melaleuca_quinquenervia	Melaleuca_quinquenervia_Restored	Restored_Novocastrian_Reserve	North_Coast	Restored	NSW1092994
S335f_NSW1093066_FWD18	FALSE	FALSE	Sample	Melaleuca_quinquenervia	Mambo_Wetlands	Melaleuca_quinquenervia_Mambo_Wetlands	Mambo_Wetlands_Melaleuca_quinquenervia	Melaleuca_quinquenervia_Restored	Restored_Mambo_Wetlands	North_Coast	Restored	NSW1093066
S336f_NSW1092853_FWD18	FALSE	FALSE	Sample	Melaleuca_quinquenervia	Burrawang_Reserve_Woy_Woy	Melaleuca_quinquenervia_Burrawang_Reserve_Woy_Woy	Burrawang_Reserve_Woy_Woy_Melaleuca_quinquenervia	Melaleuca_quinquenervia_Restored	Restored_Burrawang_Reserve_Woy_Woy	North_Coast	Restored	NSW1092853
S337f_NSW1093095_FWD18	FALSE	FALSE	Sample	Melaleuca_quinquenervia	Soldiers_Point_Park	Melaleuca_quinquenervia_Soldiers_Point_Park	Soldiers_Point_Park_Melaleuca_quinquenervia	Melaleuca_quinquenervia_Restored	Restored_Soldiers_Point_Park	North_Coast	Restored	NSW1093095
S338f_NSW1093081_FWD18	FALSE	FALSE	Sample	Melaleuca_quinquenervia	Mambo_Wetlands	Melaleuca_quinquenervia_Mambo_Wetlands	Mambo_Wetlands_Melaleuca_quinquenervia	Melaleuca_quinquenervia_Restored	Restored_Mambo_Wetlands	North_Coast	Restored	NSW1093081
S339f_NSW1093076_FWD18	FALSE	FALSE	Sample	Melaleuca_quinquenervia	Mambo_Wetlands	Melaleuca_quinquenervia_Mambo_Wetlands	Mambo_Wetlands_Melaleuca_quinquenervia	Melaleuca_quinquenervia_Restored	Restored_Mambo_Wetlands	North_Coast	Restored	NSW1093076
S340f_NSW1092976_FWD18	FALSE	FALSE	Sample	Melaleuca_quinquenervia	Soldiers_Point_Park	Melaleuca_quinquenervia_Soldiers_Point_Park	Soldiers_Point_Park_Melaleuca_quinquenervia	Melaleuca_quinquenervia_Restored	Restored_Soldiers_Point_Park	North_Coast	Restored	NSW1092976
S341f_NSW1093061_FWD18	FALSE	FALSE	Sample	Melaleuca_quinquenervia	Mambo_Wetlands	Melaleuca_quinquenervia_Mambo_Wetlands	Mambo_Wetlands_Melaleuca_quinquenervia	Melaleuca_quinquenervia_Restored	Restored_Mambo_Wetlands	North_Coast	Restored	NSW1093061
S342f_NSW1093003_FWD18	FALSE	FALSE	Sample	Melaleuca_quinquenervia	Mambo_Wetlands	Melaleuca_quinquenervia_Mambo_Wetlands	Mambo_Wetlands_Melaleuca_quinquenervia	Melaleuca_quinquenervia_Restored	Restored_Mambo_Wetlands	North_Coast	Restored	NSW1093003
S343f_NSW1092992_FWD18	FALSE	FALSE	Sample	Melaleuca_quinquenervia	Budgewoi_Dune_Care	Melaleuca_quinquenervia_Budgewoi_Dune_Care	Budgewoi_Dune_Care_Melaleuca_quinquenervia	Melaleuca_quinquenervia_Restored	Restored_Budgewoi_Dune_Care	North_Coast	Restored	NSW1092992
S344f_NSW1093071_FWD18	FALSE	FALSE	Sample	Melaleuca_quinquenervia	Mambo_Wetlands	Melaleuca_quinquenervia_Mambo_Wetlands	Mambo_Wetlands_Melaleuca_quinquenervia	Melaleuca_quinquenervia_Restored	Restored_Mambo_Wetlands	North_Coast	Restored	NSW1093071
S345f_NSW1092948_FWD19	FALSE	FALSE	Sample	Melaleuca_quinquenervia	Burrawang_Reserve_Woy_Woy	Melaleuca_quinquenervia_Burrawang_Reserve_Woy_Woy	Burrawang_Reserve_Woy_Woy_Melaleuca_quinquenervia	Melaleuca_quinquenervia_Restored	Restored_Burrawang_Reserve_Woy_Woy	North_Coast	Restored	NSW1092948
S346f_NSW1092971_FWD19	FALSE	FALSE	Sample	Melaleuca_quinquenervia	Soldiers_Point_Park	Melaleuca_quinquenervia_Soldiers_Point_Park	Soldiers_Point_Park_Melaleuca_quinquenervia	Melaleuca_quinquenervia_Restored	Restored_Soldiers_Point_Park	North_Coast	Restored	NSW1092971
S347f_NSW1092989_FWD19	FALSE	FALSE	Sample	Melaleuca_quinquenervia	Novocastrian_Reserve	Melaleuca_quinquenervia_Novocastrian_Reserve	Novocastrian_Reserve_Melaleuca_quinquenervia	Melaleuca_quinquenervia_Restored	Restored_Novocastrian_Reserve	North_Coast	Restored	NSW1092989
S348f_NSW1093054_FWD19	FALSE	FALSE	Sample	Melaleuca_quinquenervia	Budgewoi_Dune_Care	Melaleuca_quinquenervia_Budgewoi_Dune_Care	Budgewoi_Dune_Care_Melaleuca_quinquenervia	Melaleuca_quinquenervia_Restored	Restored_Budgewoi_Dune_Care	North_Coast	Restored	NSW1093054
S350f_NSW1092982_FWD19	FALSE	FALSE	Sample	Melaleuca_quinquenervia	Budgewoi_Dune_Care	Melaleuca_quinquenervia_Budgewoi_Dune_Care	Budgewoi_Dune_Care_Melaleuca_quinquenervia	Melaleuca_quinquenervia_Restored	Restored_Budgewoi_Dune_Care	North_Coast	Restored	NSW1092982
S351f_NSW1092963_FWD19	FALSE	FALSE	Sample	Melaleuca_quinquenervia	Novocastrian_Reserve	Melaleuca_quinquenervia_Novocastrian_Reserve	Novocastrian_Reserve_Melaleuca_quinquenervia	Melaleuca_quinquenervia_Restored	Restored_Novocastrian_Reserve	North_Coast	Restored	NSW1092963
S352f_NSW1092858_FWD19	FALSE	FALSE	Sample	Melaleuca_quinquenervia	Burrawang_Reserve_Woy_Woy	Melaleuca_quinquenervia_Burrawang_Reserve_Woy_Woy	Burrawang_Reserve_Woy_Woy_Melaleuca_quinquenervia	Melaleuca_quinquenervia_Restored	Restored_Burrawang_Reserve_Woy_Woy	North_Coast	Restored	NSW1092858
S353f_NSW1093009_FWD19	FALSE	FALSE	Sample	Melaleuca_quinquenervia	Novocastrian_Reserve	Melaleuca_quinquenervia_Novocastrian_Reserve	Novocastrian_Reserve_Melaleuca_quinquenervia	Melaleuca_quinquenervia_Restored	Restored_Novocastrian_Reserve	North_Coast	Restored	NSW1093009
S354f_NSW1092967_FWD19	FALSE	FALSE	Sample	Melaleuca_quinquenervia	Budgewoi_Dune_Care	Melaleuca_quinquenervia_Budgewoi_Dune_Care	Budgewoi_Dune_Care_Melaleuca_quinquenervia	Melaleuca_quinquenervia_Restored	Restored_Budgewoi_Dune_Care	North_Coast	Restored	NSW1092967
S355f_NSW1092997_FWD19	FALSE	FALSE	Sample	Melaleuca_quinquenervia	Budgewoi_Dune_Care	Melaleuca_quinquenervia_Budgewoi_Dune_Care	Budgewoi_Dune_Care_Melaleuca_quinquenervia	Melaleuca_quinquenervia_Restored	Restored_Budgewoi_Dune_Care	North_Coast	Restored	NSW1092997
S356f_NSW1092987_FWD19	FALSE	FALSE	Sample	Melaleuca_quinquenervia	Budgewoi_Dune_Care	Melaleuca_quinquenervia_Budgewoi_Dune_Care	Budgewoi_Dune_Care_Melaleuca_quinquenervia	Melaleuca_quinquenervia_Restored	Restored_Budgewoi_Dune_Care	North_Coast	Restored	NSW1092987
S357f_NSW1092949_FWD20	FALSE	FALSE	Sample	Melaleuca_quinquenervia	Burrawang_Reserve_Woy_Woy	Melaleuca_quinquenervia_Burrawang_Reserve_Woy_Woy	Burrawang_Reserve_Woy_Woy_Melaleuca_quinquenervia	Melaleuca_quinquenervia_Restored	Restored_Burrawang_Reserve_Woy_Woy	North_Coast	Restored	NSW1092949
S358f_NSW1092950_FWD20	FALSE	FALSE	Sample	Melaleuca_quinquenervia	Budgewoi_Dune_Care	Melaleuca_quinquenervia_Budgewoi_Dune_Care	Budgewoi_Dune_Care_Melaleuca_quinquenervia	Melaleuca_quinquenervia_Restored	Restored_Budgewoi_Dune_Care	North_Coast	Restored	NSW1092950
S359f_NSW1092962_FWD20	FALSE	FALSE	Sample	Melaleuca_quinquenervia	Budgewoi_Dune_Care	Melaleuca_quinquenervia_Budgewoi_Dune_Care	Budgewoi_Dune_Care_Melaleuca_quinquenervia	Melaleuca_quinquenervia_Restored	Restored_Budgewoi_Dune_Care	North_Coast	Restored	NSW1092962
S360f_NSW1092972_FWD20	FALSE	FALSE	Sample	Melaleuca_quinquenervia	Budgewoi_Dune_Care	Melaleuca_quinquenervia_Budgewoi_Dune_Care	Budgewoi_Dune_Care_Melaleuca_quinquenervia	Melaleuca_quinquenervia_Restored	Restored_Budgewoi_Dune_Care	North_Coast	Restored	NSW1092972
S361f_NSW1092863_FWD20	FALSE	FALSE	Sample	Melaleuca_quinquenervia	Burrawang_Reserve_Woy_Woy	Melaleuca_quinquenervia_Burrawang_Reserve_Woy_Woy	Burrawang_Reserve_Woy_Woy_Melaleuca_quinquenervia	Melaleuca_quinquenervia_Restored	Restored_Burrawang_Reserve_Woy_Woy	North_Coast	Restored	NSW1092863
S362f_NSW1093120_FWD20	FALSE	FALSE	Sample	Melaleuca_quinquenervia	Soldiers_Point_Park	Melaleuca_quinquenervia_Soldiers_Point_Park	Soldiers_Point_Park_Melaleuca_quinquenervia	Melaleuca_quinquenervia_Restored	Restored_Soldiers_Point_Park	North_Coast	Restored	NSW1093120
S363f_NSW1092991_FWD20	FALSE	FALSE	Sample	Melaleuca_quinquenervia	Soldiers_Point_Park	Melaleuca_quinquenervia_Soldiers_Point_Park	Soldiers_Point_Park_Melaleuca_quinquenervia	Melaleuca_quinquenervia_Restored	Restored_Soldiers_Point_Park	North_Coast	Restored	NSW1092991
S364f_NSW1093106_FWD20	FALSE	FALSE	Sample	Melaleuca_quinquenervia	Mambo_Wetlands	Melaleuca_quinquenervia_Mambo_Wetlands	Mambo_Wetlands_Melaleuca_quinquenervia	Melaleuca_quinquenervia_Restored	Restored_Mambo_Wetlands	North_Coast	Restored	NSW1093106
S365f_NSW1093100_FWD20	FALSE	FALSE	Sample	Melaleuca_quinquenervia	Soldiers_Point_Park	Melaleuca_quinquenervia_Soldiers_Point_Park	Soldiers_Point_Park_Melaleuca_quinquenervia	Melaleuca_quinquenervia_Restored	Restored_Soldiers_Point_Park	North_Coast	Restored	NSW1093100
S366f_NSW1093016_FWD20	FALSE	FALSE	Sample	Melaleuca_quinquenervia	Soldiers_Point_Park	Melaleuca_quinquenervia_Soldiers_Point_Park	Soldiers_Point_Park_Melaleuca_quinquenervia	Melaleuca_quinquenervia_Restored	Restored_Soldiers_Point_Park	North_Coast	Restored	NSW1093016
S367f_NSW1092811_FWD20	FALSE	FALSE	Sample	Melaleuca_quinquenervia	Burrawang_Reserve_Woy_Woy	Melaleuca_quinquenervia_Burrawang_Reserve_Woy_Woy	Burrawang_Reserve_Woy_Woy_Melaleuca_quinquenervia	Melaleuca_quinquenervia_Restored	Restored_Burrawang_Reserve_Woy_Woy	North_Coast	Restored	NSW1092811
S368f_NSW1079721_FWD20	FALSE	FALSE	Sample	Melaleuca_quinquenervia	Crowdy_Bay_National_Park	Melaleuca_quinquenervia_Crowdy_Bay_National_Park	Crowdy_Bay_National_Park_Melaleuca_quinquenervia	Melaleuca_quinquenervia_Natural	Natural_Crowdy_Bay_National_Park	North_Coast	Natural	NSW1079721
S369f_NSW1079821_FWD21	FALSE	FALSE	Sample	Melaleuca_quinquenervia	Crowdy_Bay_National_Park	Melaleuca_quinquenervia_Crowdy_Bay_National_Park	Crowdy_Bay_National_Park_Melaleuca_quinquenervia	Melaleuca_quinquenervia_Natural	Natural_Crowdy_Bay_National_Park	North_Coast	Natural	NSW1079821
S370f_NSW1079798_FWD21	FALSE	FALSE	Sample	Melaleuca_quinquenervia	Hat_Head_National_Park	Melaleuca_quinquenervia_Hat_Head_National_Park	Hat_Head_National_Park_Melaleuca_quinquenervia	Melaleuca_quinquenervia_Natural	Natural_Hat_Head_National_Park	North_Coast	Natural	NSW1079798
S371f_NSW1079707_FWD21	FALSE	FALSE	Sample	Melaleuca_quinquenervia	Colongra_Swamp_NR	Melaleuca_quinquenervia_Colongra_Swamp_NR	Colongra_Swamp_NR_Melaleuca_quinquenervia	Melaleuca_quinquenervia_Natural	Natural_Colongra_Swamp_NR	North_Coast	Natural	NSW1079707
S374f_NSW1079822_FWD21	FALSE	FALSE	Sample	Melaleuca_quinquenervia	Crowdy_Bay_National_Park	Melaleuca_quinquenervia_Crowdy_Bay_National_Park	Crowdy_Bay_National_Park_Melaleuca_quinquenervia	Melaleuca_quinquenervia_Natural	Natural_Crowdy_Bay_National_Park	North_Coast	Natural	NSW1079822
S377f_NSW1079735_FWD21	FALSE	FALSE	Sample	Melaleuca_quinquenervia	Crowdy_Bay_National_Park	Melaleuca_quinquenervia_Crowdy_Bay_National_Park	Crowdy_Bay_National_Park_Melaleuca_quinquenervia	Melaleuca_quinquenervia_Natural	Natural_Crowdy_Bay_National_Park	North_Coast	Natural	NSW1079735
S379f_NSW1079751_FWD21	FALSE	FALSE	Sample	Melaleuca_quinquenervia	Limeburners_Creek_National_Park	Melaleuca_quinquenervia_Limeburners_Creek_National_Park	Limeburners_Creek_National_Park_Melaleuca_quinquenervia	Melaleuca_quinquenervia_Natural	Natural_Limeburners_Creek_National_Park	North_Coast	Natural	NSW1079751
S381f_NSW1079766_FWD22	FALSE	FALSE	Sample	Melaleuca_quinquenervia	Limeburners_Creek_National_Park	Melaleuca_quinquenervia_Limeburners_Creek_National_Park	Limeburners_Creek_National_Park_Melaleuca_quinquenervia	Melaleuca_quinquenervia_Natural	Natural_Limeburners_Creek_National_Park	North_Coast	Natural	NSW1079766
S382f_NSW1079716_FWD22	FALSE	FALSE	Sample	Melaleuca_quinquenervia	Crowdy_Bay_National_Park	Melaleuca_quinquenervia_Crowdy_Bay_National_Park	Crowdy_Bay_National_Park_Melaleuca_quinquenervia	Melaleuca_quinquenervia_Natural	Natural_Crowdy_Bay_National_Park	North_Coast	Natural	NSW1079716
S383f_NSW1079760_FWD22	FALSE	FALSE	Sample	Melaleuca_quinquenervia	Lake_Innes_NR	Melaleuca_quinquenervia_Lake_Innes_NR	Lake_Innes_NR_Melaleuca_quinquenervia	Melaleuca_quinquenervia_Natural	Natural_Lake_Innes_NR	North_Coast	Natural	NSW1079760
S386f_NSW1079739_FWD22	FALSE	FALSE	Sample	Melaleuca_quinquenervia	Crowdy_Bay_National_Park	Melaleuca_quinquenervia_Crowdy_Bay_National_Park	Crowdy_Bay_National_Park_Melaleuca_quinquenervia	Melaleuca_quinquenervia_Natural	Natural_Crowdy_Bay_National_Park	North_Coast	Natural	NSW1079739
S387f_NSW1079731_FWD22	FALSE	FALSE	Sample	Melaleuca_quinquenervia	Crowdy_Bay_National_Park	Melaleuca_quinquenervia_Crowdy_Bay_National_Park	Crowdy_Bay_National_Park_Melaleuca_quinquenervia	Melaleuca_quinquenervia_Natural	Natural_Crowdy_Bay_National_Park	North_Coast	Natural	NSW1079731
S388f_NSW1079756_FWD22	FALSE	FALSE	Sample	Melaleuca_quinquenervia	Limeburners_Creek_National_Park	Melaleuca_quinquenervia_Limeburners_Creek_National_Park	Limeburners_Creek_National_Park_Melaleuca_quinquenervia	Melaleuca_quinquenervia_Natural	Natural_Limeburners_Creek_National_Park	North_Coast	Natural	NSW1079756
S397f_ITS2	FALSE	FALSE	Sample	Microlaena_stipoides	Leacock_Nature_Reserve	Microlaena_stipoides_Leacock_Nature_Reserve	Leacock_Nature_Reserve_Microlaena_stipoides	Microlaena_stipoides_Restored	Restored_Leacock_Nature_Reserve	Sydney	Restored	NSW1093109
S398f_ITS2	FALSE	FALSE	Sample	Microlaena_stipoides	Leacock_Nature_Reserve	Microlaena_stipoides_Leacock_Nature_Reserve	Leacock_Nature_Reserve_Microlaena_stipoides	Microlaena_stipoides_Restored	Restored_Leacock_Nature_Reserve	Sydney	Restored	NSW1093099
S399f_ITS2	FALSE	FALSE	Sample	Microlaena_stipoides	Leacock_Nature_Reserve	Microlaena_stipoides_Leacock_Nature_Reserve	Leacock_Nature_Reserve_Microlaena_stipoides	Microlaena_stipoides_Restored	Restored_Leacock_Nature_Reserve	Sydney	Restored	NSW1093104
S40_NSW1092822_FWD11	FALSE	FALSE	Sample	Themeda_triandra	Mount_Pleasant	Themeda_triandra_Mount_Pleasant	Mount_Pleasant_Themeda_triandra	Themeda_triandra_Natural	Natural_Mount_Pleasant	Canberra	Natural	NSW1092822
S400f_ITS2	FALSE	FALSE	Sample	Microlaena_stipoides	Leacock_Nature_Reserve	Microlaena_stipoides_Leacock_Nature_Reserve	Leacock_Nature_Reserve_Microlaena_stipoides	Microlaena_stipoides_Restored	Restored_Leacock_Nature_Reserve	Sydney	Restored	NSW1093119
S401f_ITS2	FALSE	FALSE	Sample	Microlaena_stipoides	Leacock_Nature_Reserve	Microlaena_stipoides_Leacock_Nature_Reserve	Leacock_Nature_Reserve_Microlaena_stipoides	Microlaena_stipoides_Restored	Restored_Leacock_Nature_Reserve	Sydney	Restored	NSW1093079
S402f_ITS2	FALSE	FALSE	Sample	Microlaena_stipoides	Leacock_Nature_Reserve	Microlaena_stipoides_Leacock_Nature_Reserve	Leacock_Nature_Reserve_Microlaena_stipoides	Microlaena_stipoides_Restored	Restored_Leacock_Nature_Reserve	Sydney	Restored	NSW1093118
S403f_ITS2	FALSE	FALSE	Sample	Microlaena_stipoides	Leacock_Nature_Reserve	Microlaena_stipoides_Leacock_Nature_Reserve	Leacock_Nature_Reserve_Microlaena_stipoides	Microlaena_stipoides_Restored	Restored_Leacock_Nature_Reserve	Sydney	Restored	NSW1093094
S404f_ITS2	FALSE	FALSE	Sample	Microlaena_stipoides	Leacock_Nature_Reserve	Microlaena_stipoides_Leacock_Nature_Reserve	Leacock_Nature_Reserve_Microlaena_stipoides	Microlaena_stipoides_Restored	Restored_Leacock_Nature_Reserve	Sydney	Restored	NSW1093089
S405f_ITS2	FALSE	FALSE	Sample	Microlaena_stipoides	Garrad_Reserve_Narrawallee	Microlaena_stipoides_Garrad_Reserve_Narrawallee	Garrad_Reserve_Narrawallee_Microlaena_stipoides	Microlaena_stipoides_Restored	Restored_Garrad_Reserve_Narrawallee	South_Coast	Restored	NSW1092559
S406f_ITS2	FALSE	FALSE	Sample	Microlaena_stipoides	Garrad_Reserve_Narrawallee	Microlaena_stipoides_Garrad_Reserve_Narrawallee	Garrad_Reserve_Narrawallee_Microlaena_stipoides	Microlaena_stipoides_Restored	Restored_Garrad_Reserve_Narrawallee	South_Coast	Restored	NSW1092554
S407f_ITS2	FALSE	FALSE	Sample	Microlaena_stipoides	Garrad_Reserve_Narrawallee	Microlaena_stipoides_Garrad_Reserve_Narrawallee	Garrad_Reserve_Narrawallee_Microlaena_stipoides	Microlaena_stipoides_Restored	Restored_Garrad_Reserve_Narrawallee	South_Coast	Restored	NSW1092564
S408f_ITS2	FALSE	FALSE	Sample	Microlaena_stipoides	Garrad_Reserve_Narrawallee	Microlaena_stipoides_Garrad_Reserve_Narrawallee	Garrad_Reserve_Narrawallee_Microlaena_stipoides	Microlaena_stipoides_Restored	Restored_Garrad_Reserve_Narrawallee	South_Coast	Restored	NSW1092611
S409f_ITS2	FALSE	FALSE	Sample	Microlaena_stipoides	Garrad_Reserve_Narrawallee	Microlaena_stipoides_Garrad_Reserve_Narrawallee	Garrad_Reserve_Narrawallee_Microlaena_stipoides	Microlaena_stipoides_Restored	Restored_Garrad_Reserve_Narrawallee	South_Coast	Restored	NSW1092600
S410f_ITS2	FALSE	FALSE	Sample	Microlaena_stipoides	Garrad_Reserve_Narrawallee	Microlaena_stipoides_Garrad_Reserve_Narrawallee	Garrad_Reserve_Narrawallee_Microlaena_stipoides	Microlaena_stipoides_Restored	Restored_Garrad_Reserve_Narrawallee	South_Coast	Restored	NSW1092589
S411f_ITS2	FALSE	FALSE	Sample	Microlaena_stipoides	Garrad_Reserve_Narrawallee	Microlaena_stipoides_Garrad_Reserve_Narrawallee	Garrad_Reserve_Narrawallee_Microlaena_stipoides	Microlaena_stipoides_Restored	Restored_Garrad_Reserve_Narrawallee	South_Coast	Restored	NSW1092595
S412f_ITS2	FALSE	FALSE	Sample	Microlaena_stipoides	Garrad_Reserve_Narrawallee	Microlaena_stipoides_Garrad_Reserve_Narrawallee	Garrad_Reserve_Narrawallee_Microlaena_stipoides	Microlaena_stipoides_Restored	Restored_Garrad_Reserve_Narrawallee	South_Coast	Restored	NSW1092569
S413f_ITS2	FALSE	FALSE	Sample	Microlaena_stipoides	Blue_Gum_Point_Yarralumla	Microlaena_stipoides_Blue_Gum_Point_Yarralumla	Blue_Gum_Point_Yarralumla_Microlaena_stipoides	Microlaena_stipoides_Restored	Restored_Blue_Gum_Point_Yarralumla	Canberra	Restored	NSW1092935
S414f_ITS2	FALSE	FALSE	Sample	Microlaena_stipoides	Blue_Gum_Point_Yarralumla	Microlaena_stipoides_Blue_Gum_Point_Yarralumla	Blue_Gum_Point_Yarralumla_Microlaena_stipoides	Microlaena_stipoides_Restored	Restored_Blue_Gum_Point_Yarralumla	Canberra	Restored	NSW1092938
S415f_ITS2	FALSE	FALSE	Sample	Microlaena_stipoides	Blue_Gum_Point_Yarralumla	Microlaena_stipoides_Blue_Gum_Point_Yarralumla	Blue_Gum_Point_Yarralumla_Microlaena_stipoides	Microlaena_stipoides_Restored	Restored_Blue_Gum_Point_Yarralumla	Canberra	Restored	NSW1092838
S416f_ITS2	FALSE	FALSE	Sample	Microlaena_stipoides	Blue_Gum_Point_Yarralumla	Microlaena_stipoides_Blue_Gum_Point_Yarralumla	Blue_Gum_Point_Yarralumla_Microlaena_stipoides	Microlaena_stipoides_Restored	Restored_Blue_Gum_Point_Yarralumla	Canberra	Restored	NSW1092940
S417f_ITS2	FALSE	FALSE	Sample	Microlaena_stipoides	Blue_Gum_Point_Yarralumla	Microlaena_stipoides_Blue_Gum_Point_Yarralumla	Blue_Gum_Point_Yarralumla_Microlaena_stipoides	Microlaena_stipoides_Restored	Restored_Blue_Gum_Point_Yarralumla	Canberra	Restored	NSW1092945
S418f_ITS2	FALSE	FALSE	Sample	Microlaena_stipoides	Blue_Gum_Point_Yarralumla	Microlaena_stipoides_Blue_Gum_Point_Yarralumla	Blue_Gum_Point_Yarralumla_Microlaena_stipoides	Microlaena_stipoides_Restored	Restored_Blue_Gum_Point_Yarralumla	Canberra	Restored	NSW1092848
S419f_ITS2	FALSE	FALSE	Sample	Microlaena_stipoides	Blue_Gum_Point_Yarralumla	Microlaena_stipoides_Blue_Gum_Point_Yarralumla	Blue_Gum_Point_Yarralumla_Microlaena_stipoides	Microlaena_stipoides_Restored	Restored_Blue_Gum_Point_Yarralumla	Canberra	Restored	NSW1092944
S420f_ITS2	FALSE	FALSE	Sample	Microlaena_stipoides	Blue_Gum_Point_Yarralumla	Microlaena_stipoides_Blue_Gum_Point_Yarralumla	Blue_Gum_Point_Yarralumla_Microlaena_stipoides	Microlaena_stipoides_Restored	Restored_Blue_Gum_Point_Yarralumla	Canberra	Restored	NSW1092800
S421f_ITS2	FALSE	FALSE	Sample	Microlaena_stipoides	Burrawang_Reserve_Woy_Woy	Microlaena_stipoides_Burrawang_Reserve_Woy_Woy	Burrawang_Reserve_Woy_Woy_Microlaena_stipoides	Microlaena_stipoides_Restored	Restored_Burrawang_Reserve_Woy_Woy	North_Coast	Restored	NSW1093056
S422f_ITS2	FALSE	FALSE	Sample	Microlaena_stipoides	Burrawang_Reserve_Woy_Woy	Microlaena_stipoides_Burrawang_Reserve_Woy_Woy	Burrawang_Reserve_Woy_Woy_Microlaena_stipoides	Microlaena_stipoides_Restored	Restored_Burrawang_Reserve_Woy_Woy	North_Coast	Restored	NSW1093051
S423f_ITS2	FALSE	FALSE	Sample	Microlaena_stipoides	Burrawang_Reserve_Woy_Woy	Microlaena_stipoides_Burrawang_Reserve_Woy_Woy	Burrawang_Reserve_Woy_Woy_Microlaena_stipoides	Microlaena_stipoides_Restored	Restored_Burrawang_Reserve_Woy_Woy	North_Coast	Restored	NSW1093042
S424f_ITS2	FALSE	FALSE	Sample	Microlaena_stipoides	Burrawang_Reserve_Woy_Woy	Microlaena_stipoides_Burrawang_Reserve_Woy_Woy	Burrawang_Reserve_Woy_Woy_Microlaena_stipoides	Microlaena_stipoides_Restored	Restored_Burrawang_Reserve_Woy_Woy	North_Coast	Restored	NSW1093047
S425f_ITS2	FALSE	FALSE	Sample	Microlaena_stipoides	Burrawang_Reserve_Woy_Woy	Microlaena_stipoides_Burrawang_Reserve_Woy_Woy	Burrawang_Reserve_Woy_Woy_Microlaena_stipoides	Microlaena_stipoides_Restored	Restored_Burrawang_Reserve_Woy_Woy	North_Coast	Restored	NSW1093117
S426f_ITS2	FALSE	FALSE	Sample	Microlaena_stipoides	Burrawang_Reserve_Woy_Woy	Microlaena_stipoides_Burrawang_Reserve_Woy_Woy	Burrawang_Reserve_Woy_Woy_Microlaena_stipoides	Microlaena_stipoides_Restored	Restored_Burrawang_Reserve_Woy_Woy	North_Coast	Restored	NSW1093102
S427f_ITS2	FALSE	FALSE	Sample	Microlaena_stipoides	Burrawang_Reserve_Woy_Woy	Microlaena_stipoides_Burrawang_Reserve_Woy_Woy	Burrawang_Reserve_Woy_Woy_Microlaena_stipoides	Microlaena_stipoides_Restored	Restored_Burrawang_Reserve_Woy_Woy	North_Coast	Restored	NSW1093112
S428f_ITS2	FALSE	FALSE	Sample	Microlaena_stipoides	Burrawang_Reserve_Woy_Woy	Microlaena_stipoides_Burrawang_Reserve_Woy_Woy	Burrawang_Reserve_Woy_Woy_Microlaena_stipoides	Microlaena_stipoides_Restored	Restored_Burrawang_Reserve_Woy_Woy	North_Coast	Restored	NSW1093107
S44_NSW1079717_FWD12	FALSE	FALSE	Sample	Melaleuca_quinquenervia	Colongra_Swamp_NR	Melaleuca_quinquenervia_Colongra_Swamp_NR	Colongra_Swamp_NR_Melaleuca_quinquenervia	Melaleuca_quinquenervia_Natural	Natural_Colongra_Swamp_NR	North_Coast	Natural	NSW1079717
S465f_ITS2	FALSE	FALSE	Sample	Microlaena_stipoides	Wisemans_Park_Keiraville	Microlaena_stipoides_Wisemans_Park_Keiraville	Wisemans_Park_Keiraville_Microlaena_stipoides	Microlaena_stipoides_Restored	Restored_Wisemans_Park_Keiraville	South_Coast	Restored	NSW1092869
S466f_ITS2	FALSE	FALSE	Sample	Microlaena_stipoides	Wisemans_Park_Keiraville	Microlaena_stipoides_Wisemans_Park_Keiraville	Wisemans_Park_Keiraville_Microlaena_stipoides	Microlaena_stipoides_Restored	Restored_Wisemans_Park_Keiraville	South_Coast	Restored	NSW1092888
S467f_ITS2	FALSE	FALSE	Sample	Microlaena_stipoides	Wisemans_Park_Keiraville	Microlaena_stipoides_Wisemans_Park_Keiraville	Wisemans_Park_Keiraville_Microlaena_stipoides	Microlaena_stipoides_Restored	Restored_Wisemans_Park_Keiraville	South_Coast	Restored	NSW1092889
S468f_ITS2	FALSE	FALSE	Sample	Microlaena_stipoides	Wisemans_Park_Keiraville	Microlaena_stipoides_Wisemans_Park_Keiraville	Wisemans_Park_Keiraville_Microlaena_stipoides	Microlaena_stipoides_Restored	Restored_Wisemans_Park_Keiraville	South_Coast	Restored	NSW1092890
S469f_ITS2	FALSE	FALSE	Sample	Microlaena_stipoides	Wisemans_Park_Keiraville	Microlaena_stipoides_Wisemans_Park_Keiraville	Wisemans_Park_Keiraville_Microlaena_stipoides	Microlaena_stipoides_Restored	Restored_Wisemans_Park_Keiraville	South_Coast	Restored	NSW1092524
S470f_ITS2	FALSE	FALSE	Sample	Microlaena_stipoides	Wisemans_Park_Keiraville	Microlaena_stipoides_Wisemans_Park_Keiraville	Wisemans_Park_Keiraville_Microlaena_stipoides	Microlaena_stipoides_Restored	Restored_Wisemans_Park_Keiraville	South_Coast	Restored	NSW1092879
S471f_ITS2	FALSE	FALSE	Sample	Microlaena_stipoides	Wisemans_Park_Keiraville	Microlaena_stipoides_Wisemans_Park_Keiraville	Wisemans_Park_Keiraville_Microlaena_stipoides	Microlaena_stipoides_Restored	Restored_Wisemans_Park_Keiraville	South_Coast	Restored	NSW1092873
S472f_ITS2	FALSE	FALSE	Sample	Microlaena_stipoides	Wisemans_Park_Keiraville	Microlaena_stipoides_Wisemans_Park_Keiraville	Wisemans_Park_Keiraville_Microlaena_stipoides	Microlaena_stipoides_Restored	Restored_Wisemans_Park_Keiraville	South_Coast	Restored	NSW1092868
S49_NSW1093097_FWD09	FALSE	FALSE	Sample	Microlaena_stipoides	Wyrrabalong_North_NP_Lilly_Pilly_Trail	Microlaena_stipoides_Wyrrabalong_North_NP_Lilly_Pilly_Trail	Wyrrabalong_North_NP_Lilly_Pilly_Trail_Microlaena_stipoides	Microlaena_stipoides_Natural	Natural_Wyrrabalong_North_NP_Lilly_Pilly_Trail	North_Coast	Natural	NSW1093097
S5_NSW1079752_FWD09	FALSE	FALSE	Sample	Melaleuca_quinquenervia	Hat_Head_National_Park	Melaleuca_quinquenervia_Hat_Head_National_Park	Hat_Head_National_Park_Melaleuca_quinquenervia	Melaleuca_quinquenervia_Natural	Natural_Hat_Head_National_Park	North_Coast	Natural	NSW1079752
S50_NSW1093092_FWD09	FALSE	FALSE	Sample	Microlaena_stipoides	Wyrrabalong_North_NP_Lilly_Pilly_Trail	Microlaena_stipoides_Wyrrabalong_North_NP_Lilly_Pilly_Trail	Wyrrabalong_North_NP_Lilly_Pilly_Trail_Microlaena_stipoides	Microlaena_stipoides_Natural	Natural_Wyrrabalong_North_NP_Lilly_Pilly_Trail	North_Coast	Natural	NSW1093092
S51_NSW1093077_FWD09	FALSE	FALSE	Sample	Microlaena_stipoides	Wyrrabalong_North_NP_Lilly_Pilly_Trail	Microlaena_stipoides_Wyrrabalong_North_NP_Lilly_Pilly_Trail	Wyrrabalong_North_NP_Lilly_Pilly_Trail_Microlaena_stipoides	Microlaena_stipoides_Natural	Natural_Wyrrabalong_North_NP_Lilly_Pilly_Trail	North_Coast	Natural	NSW1093077
S52_NSW1093072_FWD09	FALSE	FALSE	Sample	Microlaena_stipoides	Wyrrabalong_North_NP_Lilly_Pilly_Trail	Microlaena_stipoides_Wyrrabalong_North_NP_Lilly_Pilly_Trail	Wyrrabalong_North_NP_Lilly_Pilly_Trail_Microlaena_stipoides	Microlaena_stipoides_Natural	Natural_Wyrrabalong_North_NP_Lilly_Pilly_Trail	North_Coast	Natural	NSW1093072
S53_NSW1093062_FWD09	FALSE	FALSE	Sample	Microlaena_stipoides	Wyrrabalong_North_NP_Lilly_Pilly_Trail	Microlaena_stipoides_Wyrrabalong_North_NP_Lilly_Pilly_Trail	Wyrrabalong_North_NP_Lilly_Pilly_Trail_Microlaena_stipoides	Microlaena_stipoides_Natural	Natural_Wyrrabalong_North_NP_Lilly_Pilly_Trail	North_Coast	Natural	NSW1093062
S54_NSW1093052_FWD09	FALSE	FALSE	Sample	Microlaena_stipoides	Wyrrabalong_North_NP_Lilly_Pilly_Trail	Microlaena_stipoides_Wyrrabalong_North_NP_Lilly_Pilly_Trail	Wyrrabalong_North_NP_Lilly_Pilly_Trail_Microlaena_stipoides	Microlaena_stipoides_Natural	Natural_Wyrrabalong_North_NP_Lilly_Pilly_Trail	North_Coast	Natural	NSW1093052
S55_NSW1093057_FWD09	FALSE	FALSE	Sample	Microlaena_stipoides	Wyrrabalong_North_NP_Lilly_Pilly_Trail	Microlaena_stipoides_Wyrrabalong_North_NP_Lilly_Pilly_Trail	Wyrrabalong_North_NP_Lilly_Pilly_Trail_Microlaena_stipoides	Microlaena_stipoides_Natural	Natural_Wyrrabalong_North_NP_Lilly_Pilly_Trail	North_Coast	Natural	NSW1093057
S56_NSW1092919_FWD09	FALSE	FALSE	Sample	Microlaena_stipoides	Wyrrabalong_North_NP_Lilly_Pilly_Trail	Microlaena_stipoides_Wyrrabalong_North_NP_Lilly_Pilly_Trail	Wyrrabalong_North_NP_Lilly_Pilly_Trail_Microlaena_stipoides	Microlaena_stipoides_Natural	Natural_Wyrrabalong_North_NP_Lilly_Pilly_Trail	North_Coast	Natural	NSW1092919
S57_NSW1093021_FWD09	FALSE	FALSE	Sample	Themeda_triandra	Colongra_Swamp_NR	Themeda_triandra_Colongra_Swamp_NR	Colongra_Swamp_NR_Themeda_triandra	Themeda_triandra_Natural	Natural_Colongra_Swamp_NR	North_Coast	Natural	NSW1093021
S58_NSW1092907_FWD09	FALSE	FALSE	Sample	Themeda_triandra	Colongra_Swamp_NR	Themeda_triandra_Colongra_Swamp_NR	Colongra_Swamp_NR_Themeda_triandra	Themeda_triandra_Natural	Natural_Colongra_Swamp_NR	North_Coast	Natural	NSW1092907
S59_NSW1093110_FWD09	FALSE	FALSE	Sample	Themeda_triandra	Colongra_Swamp_NR	Themeda_triandra_Colongra_Swamp_NR	Colongra_Swamp_NR_Themeda_triandra	Themeda_triandra_Natural	Natural_Colongra_Swamp_NR	North_Coast	Natural	NSW1093110
S60_NSW1093000_FWD09	FALSE	FALSE	Sample	Themeda_triandra	Colongra_Swamp_NR	Themeda_triandra_Colongra_Swamp_NR	Colongra_Swamp_NR_Themeda_triandra	Themeda_triandra_Natural	Natural_Colongra_Swamp_NR	North_Coast	Natural	NSW1093000
S61_NSW1093115_FWD10	FALSE	FALSE	Sample	Themeda_triandra	Colongra_Swamp_NR	Themeda_triandra_Colongra_Swamp_NR	Colongra_Swamp_NR_Themeda_triandra	Themeda_triandra_Natural	Natural_Colongra_Swamp_NR	North_Coast	Natural	NSW1093115
S62_NSW1093126_FWD10	FALSE	FALSE	Sample	Themeda_triandra	Colongra_Swamp_NR	Themeda_triandra_Colongra_Swamp_NR	Colongra_Swamp_NR_Themeda_triandra	Themeda_triandra_Natural	Natural_Colongra_Swamp_NR	North_Coast	Natural	NSW1093126
S63_NSW1093002_FWD10	FALSE	FALSE	Sample	Themeda_triandra	Colongra_Swamp_NR	Themeda_triandra_Colongra_Swamp_NR	Colongra_Swamp_NR_Themeda_triandra	Themeda_triandra_Natural	Natural_Colongra_Swamp_NR	North_Coast	Natural	NSW1093002
S64_NSW1093023_FWD10	FALSE	FALSE	Sample	Themeda_triandra	Colongra_Swamp_NR	Themeda_triandra_Colongra_Swamp_NR	Colongra_Swamp_NR_Themeda_triandra	Themeda_triandra_Natural	Natural_Colongra_Swamp_NR	North_Coast	Natural	NSW1093023
S65_NSW1092923_FWD10	FALSE	FALSE	Sample	Microlaena_stipoides	Munmorah_SCA	Microlaena_stipoides_Munmorah_SCA	Munmorah_SCA_Microlaena_stipoides	Microlaena_stipoides_Natural	Natural_Munmorah_SCA	North_Coast	Natural	NSW1092923
S66_NSW1092924_FWD10	FALSE	FALSE	Sample	Microlaena_stipoides	Munmorah_SCA	Microlaena_stipoides_Munmorah_SCA	Munmorah_SCA_Microlaena_stipoides	Microlaena_stipoides_Natural	Natural_Munmorah_SCA	North_Coast	Natural	NSW1092924
S67_NSW1092925_FWD10	FALSE	FALSE	Sample	Microlaena_stipoides	Munmorah_SCA	Microlaena_stipoides_Munmorah_SCA	Munmorah_SCA_Microlaena_stipoides	Microlaena_stipoides_Natural	Natural_Munmorah_SCA	North_Coast	Natural	NSW1092925
S68_NSW1092928_FWD10	FALSE	FALSE	Sample	Microlaena_stipoides	Munmorah_SCA	Microlaena_stipoides_Munmorah_SCA	Munmorah_SCA_Microlaena_stipoides	Microlaena_stipoides_Natural	Natural_Munmorah_SCA	North_Coast	Natural	NSW1092928
S69_NSW1092929_FWD10	FALSE	FALSE	Sample	Microlaena_stipoides	Munmorah_SCA	Microlaena_stipoides_Munmorah_SCA	Munmorah_SCA_Microlaena_stipoides	Microlaena_stipoides_Natural	Natural_Munmorah_SCA	North_Coast	Natural	NSW1092929
S70_NSW1092930_FWD10	FALSE	FALSE	Sample	Microlaena_stipoides	Munmorah_SCA	Microlaena_stipoides_Munmorah_SCA	Munmorah_SCA_Microlaena_stipoides	Microlaena_stipoides_Natural	Natural_Munmorah_SCA	North_Coast	Natural	NSW1092930
S71_NSW1092934_FWD10	FALSE	FALSE	Sample	Microlaena_stipoides	Munmorah_SCA	Microlaena_stipoides_Munmorah_SCA	Munmorah_SCA_Microlaena_stipoides	Microlaena_stipoides_Natural	Natural_Munmorah_SCA	North_Coast	Natural	NSW1092934
S72_NSW1092933_FWD10	FALSE	FALSE	Sample	Microlaena_stipoides	Munmorah_SCA	Microlaena_stipoides_Munmorah_SCA	Munmorah_SCA_Microlaena_stipoides	Microlaena_stipoides_Natural	Natural_Munmorah_SCA	North_Coast	Natural	NSW1092933
S73_NSW1092681_FWD11	FALSE	FALSE	Sample	Themeda_triandra	Munmorah_SCA	Themeda_triandra_Munmorah_SCA	Munmorah_SCA_Themeda_triandra	Themeda_triandra_Natural	Natural_Munmorah_SCA	North_Coast	Natural	NSW1092681
S74_NSW1092840_FWD11	FALSE	FALSE	Sample	Themeda_triandra	Munmorah_SCA	Themeda_triandra_Munmorah_SCA	Munmorah_SCA_Themeda_triandra	Themeda_triandra_Natural	Natural_Munmorah_SCA	North_Coast	Natural	NSW1092840
S75_NSW1092850_FWD11	FALSE	FALSE	Sample	Themeda_triandra	Munmorah_SCA	Themeda_triandra_Munmorah_SCA	Munmorah_SCA_Themeda_triandra	Themeda_triandra_Natural	Natural_Munmorah_SCA	North_Coast	Natural	NSW1092850
S76_NSW1092855_FWD11	FALSE	FALSE	Sample	Themeda_triandra	Munmorah_SCA	Themeda_triandra_Munmorah_SCA	Munmorah_SCA_Themeda_triandra	Themeda_triandra_Natural	Natural_Munmorah_SCA	North_Coast	Natural	NSW1092855
S77_NSW1092851_FWD11	FALSE	FALSE	Sample	Themeda_triandra	Munmorah_SCA	Themeda_triandra_Munmorah_SCA	Munmorah_SCA_Themeda_triandra	Themeda_triandra_Natural	Natural_Munmorah_SCA	North_Coast	Natural	NSW1092851
S78_NSW1092846_FWD11	FALSE	FALSE	Sample	Themeda_triandra	Munmorah_SCA	Themeda_triandra_Munmorah_SCA	Munmorah_SCA_Themeda_triandra	Themeda_triandra_Natural	Natural_Munmorah_SCA	North_Coast	Natural	NSW1092846
S79_NSW1092841_FWD11	FALSE	FALSE	Sample	Themeda_triandra	Munmorah_SCA	Themeda_triandra_Munmorah_SCA	Munmorah_SCA_Themeda_triandra	Themeda_triandra_Natural	Natural_Munmorah_SCA	North_Coast	Natural	NSW1092841
S80_NSW1092836_FWD11	FALSE	FALSE	Sample	Themeda_triandra	Munmorah_SCA	Themeda_triandra_Munmorah_SCA	Munmorah_SCA_Themeda_triandra	Themeda_triandra_Natural	Natural_Munmorah_SCA	North_Coast	Natural	NSW1092836
S81_NSW1093010_FWD11	FALSE	FALSE	Sample	Themeda_triandra	Norah_Head	Themeda_triandra_Norah_Head	Norah_Head_Themeda_triandra	Themeda_triandra_Restored	Restored_Norah_Head	North_Coast	Restored	NSW1093010
S82_NSW1093034_FWD11	FALSE	FALSE	Sample	Themeda_triandra	Norah_Head	Themeda_triandra_Norah_Head	Norah_Head_Themeda_triandra	Themeda_triandra_Restored	Restored_Norah_Head	North_Coast	Restored	NSW1093034
S83_NSW1093025_FWD11	FALSE	FALSE	Sample	Themeda_triandra	Norah_Head	Themeda_triandra_Norah_Head	Norah_Head_Themeda_triandra	Themeda_triandra_Restored	Restored_Norah_Head	North_Coast	Restored	NSW1093025
S84_NSW1093015_FWD11	FALSE	FALSE	Sample	Themeda_triandra	Norah_Head	Themeda_triandra_Norah_Head	Norah_Head_Themeda_triandra	Themeda_triandra_Restored	Restored_Norah_Head	North_Coast	Restored	NSW1093015
S85_NSW1093020_FWD12	FALSE	FALSE	Sample	Themeda_triandra	Norah_Head	Themeda_triandra_Norah_Head	Norah_Head_Themeda_triandra	Themeda_triandra_Restored	Restored_Norah_Head	North_Coast	Restored	NSW1093020
S86_NSW1093035_FWD12	FALSE	FALSE	Sample	Themeda_triandra	Norah_Head	Themeda_triandra_Norah_Head	Norah_Head_Themeda_triandra	Themeda_triandra_Restored	Restored_Norah_Head	North_Coast	Restored	NSW1093035
S87_NSW1093001_FWD12	FALSE	FALSE	Sample	Themeda_triandra	Norah_Head	Themeda_triandra_Norah_Head	Norah_Head_Themeda_triandra	Themeda_triandra_Restored	Restored_Norah_Head	North_Coast	Restored	NSW1093001
S88_NSW1093006_FWD12	FALSE	FALSE	Sample	Themeda_triandra	Norah_Head	Themeda_triandra_Norah_Head	Norah_Head_Themeda_triandra	Themeda_triandra_Restored	Restored_Norah_Head	North_Coast	Restored	NSW1093006
S89_NSW1092795_FWD12	FALSE	FALSE	Sample	Themeda_triandra	Catherine_Hill_Revegetation_Area	Themeda_triandra_Catherine_Hill_Revegetation_Area	Catherine_Hill_Revegetation_Area_Themeda_triandra	Themeda_triandra_Restored	Restored_Catherine_Hill_Revegetation_Area	North_Coast	Restored	NSW1092795
S90_NSW1092790_FWD12	FALSE	FALSE	Sample	Themeda_triandra	Catherine_Hill_Revegetation_Area	Themeda_triandra_Catherine_Hill_Revegetation_Area	Catherine_Hill_Revegetation_Area_Themeda_triandra	Themeda_triandra_Restored	Restored_Catherine_Hill_Revegetation_Area	North_Coast	Restored	NSW1092790
S91_NSW1092810_FWD12	FALSE	FALSE	Sample	Themeda_triandra	Catherine_Hill_Revegetation_Area	Themeda_triandra_Catherine_Hill_Revegetation_Area	Catherine_Hill_Revegetation_Area_Themeda_triandra	Themeda_triandra_Restored	Restored_Catherine_Hill_Revegetation_Area	North_Coast	Restored	NSW1092810
S92_NSW1092937_FWD12	FALSE	FALSE	Sample	Themeda_triandra	Catherine_Hill_Revegetation_Area	Themeda_triandra_Catherine_Hill_Revegetation_Area	Catherine_Hill_Revegetation_Area_Themeda_triandra	Themeda_triandra_Restored	Restored_Catherine_Hill_Revegetation_Area	North_Coast	Restored	NSW1092937
S93_NSW1092893_FWD12	FALSE	FALSE	Sample	Themeda_triandra	Catherine_Hill_Revegetation_Area	Themeda_triandra_Catherine_Hill_Revegetation_Area	Catherine_Hill_Revegetation_Area_Themeda_triandra	Themeda_triandra_Restored	Restored_Catherine_Hill_Revegetation_Area	North_Coast	Restored	NSW1092893
S94_NSW1092785_FWD12	FALSE	FALSE	Sample	Themeda_triandra	Catherine_Hill_Revegetation_Area	Themeda_triandra_Catherine_Hill_Revegetation_Area	Catherine_Hill_Revegetation_Area_Themeda_triandra	Themeda_triandra_Restored	Restored_Catherine_Hill_Revegetation_Area	North_Coast	Restored	NSW1092785
S95_NSW1092805_FWD12	FALSE	FALSE	Sample	Themeda_triandra	Catherine_Hill_Revegetation_Area	Themeda_triandra_Catherine_Hill_Revegetation_Area	Catherine_Hill_Revegetation_Area_Themeda_triandra	Themeda_triandra_Restored	Restored_Catherine_Hill_Revegetation_Area	North_Coast	Restored	NSW1092805
S96_NSW1092956_FWD12	FALSE	FALSE	Sample	Themeda_triandra	Catherine_Hill_Revegetation_Area	Themeda_triandra_Catherine_Hill_Revegetation_Area	Catherine_Hill_Revegetation_Area_Themeda_triandra	Themeda_triandra_Restored	Restored_Catherine_Hill_Revegetation_Area	North_Coast	Restored	NSW1092956
S97_NSW1092914_FWD13	FALSE	FALSE	Sample	Themeda_triandra	Jesmond_Park	Themeda_triandra_Jesmond_Park	Jesmond_Park_Themeda_triandra	Themeda_triandra_Restored	Restored_Jesmond_Park	North_Coast	Restored	NSW1092914
S98_NSW1092918_FWD13	FALSE	FALSE	Sample	Themeda_triandra	Jesmond_Park	Themeda_triandra_Jesmond_Park	Jesmond_Park_Themeda_triandra	Themeda_triandra_Restored	Restored_Jesmond_Park	North_Coast	Restored	NSW1092918
S99_NSW1092915_FWD13	FALSE	FALSE	Sample	Themeda_triandra	Jesmond_Park	Themeda_triandra_Jesmond_Park	Jesmond_Park_Themeda_triandra	Themeda_triandra_Restored	Restored_Jesmond_Park	North_Coast	Restored	NSW1092915