SampleID	PCR_Control	Extract_Control	Source	Site	Region	SiteType	Host_SiteType	Host_Region	SiteType_Site	Primer_with_WEHI_adapter	Index_PCR_Plate	Fwd_primer	FWDprimer	REVPrimer	Rev_Primer
ext_blank_1_16s_FWD20	FALSE	TRUE	Control	Extract_Control	Control	Control	Control_Control	Control_Control	Control_Extract_Control	515f/806r	Allison_Plate 3_Run3	Fwd_20	FWD20	REV04	Rev_04
ext_blank_1_FWD18	FALSE	TRUE	Control	Extract_Control	Control	Control	Control_Control	Control_Control	Control_Extract_Control	515f/806r	Allison_Plate_4_Run2	Fwd_18	FWD18	REV16	Rev_16
ext_blank_2_16s_FWD20	FALSE	TRUE	Control	Extract_Control	Control	Control	Control_Control	Control_Control	Control_Extract_Control	515f/806r	Allison_Plate 3_Run3	Fwd_20	FWD20	REV05	Rev_05
ext_blank_2_FWD18	FALSE	TRUE	Control	Extract_Control	Control	Control	Control_Control	Control_Control	Control_Extract_Control	515f/806r	Allison_Plate_4_Run2	Fwd_18	FWD18	REV17	Rev_17
ext_blank_3_16s_FWD24	FALSE	TRUE	Control	Extract_Control	Control	Control	Control_Control	Control_Control	Control_Extract_Control	515f/806r	Allison_Plate 3_Run3	Fwd_24	FWD24	REV01	Rev_01
ext_blank_3_FWD18	FALSE	TRUE	Control	Extract_Control	Control	Control	Control_Control	Control_Control	Control_Extract_Control	515f/806r	Allison_Plate_4_Run2	Fwd_18	FWD18	REV18	Rev_18
EXT_BLK_1_16S	FALSE	TRUE	Control	Extract_Control	Control	Control	Control	Control	Control_Extract_Control	515f/806r	Allison_Plate2_Run4	Fwd_89	FWD89	REV84	Rev_84
EXT_BLK_2_16S	FALSE	TRUE	Control	Extract_Control	Control	Control	Control	Control	Control_Extract_Control	515f/806r	Allison_Plate2_Run4	Fwd_90	FWD90	REV85	Rev_85
EXT_BLK_3_16S	FALSE	TRUE	Control	Extract_Control	Control	Control	Control	Control	Control_Extract_Control	515f/806r	Allison_Plate2_Run4	Fwd_91	FWD91	REV86	Rev_86
iPCR_NTC_4b_FWD18	TRUE	FALSE	Control	PCR_Control	Control	Control	Control_Control	Control_Control	Control_PCR_Control	515f/806r	Allison_Plate_4_Run2	Fwd_18	FWD18	REV19	Rev_19
iPCR_NTC_5b_FWD18	TRUE	FALSE	Control	PCR_Control	Control	Control	Control_Control	Control_Control	Control_PCR_Control	515f/806r	Allison_Plate_4_Run2	Fwd_18	FWD18	REV20	Rev_20
iPCR_NTC_6b_FWD18	TRUE	FALSE	Control	PCR_Control	Control	Control	Control_Control	Control_Control	Control_PCR_Control	515f/806r	Allison_Plate_4_Run2	Fwd_18	FWD18	REV21	Rev_21
Mock_1_Bacteria_FWD16	FALSE	FALSE	Control	Mock_Community	Control	Control	Control_Control	Control_Control	Control_Mock_Community	515f/806r	Allison_Plate 1_Run3	Fwd_16	FWD16	REV12	Rev_12
Mock_1b_FWD24	FALSE	FALSE	Control	Mock_Community	Control	Control	Control_Control	Control_Control	Control_Mock_Community	515f/806r	Allison_Plate_4_Run2	Fwd_18	FWD18	REV22	Rev_22
Mock_2_Bacteria_FWD16	FALSE	FALSE	Control	Mock_Community	Control	Control	Control_Control	Control_Control	Control_Mock_Community	515f/806r	Allison_Plate 2_Run3	Fwd_16	FWD16	REV24	Rev_24
Mock_2b_FWD24	FALSE	FALSE	Control	Mock_Community	Control	Control	Control_Control	Control_Control	Control_Mock_Community	515f/806r	Allison_Plate_4_Run2	Fwd_18	FWD18	REV23	Rev_23
Mock_3_Bacteria_FWD24	FALSE	FALSE	Control	Mock_Community	Control	Control	Control_Control	Control_Control	Control_Mock_Community	515f/806r	Allison_Plate 3_Run3	Fwd_24	FWD24	REV12	Rev_12
Mock_3b_FWD24	FALSE	FALSE	Control	Mock_Community	Control	Control	Control_Control	Control_Control	Control_Mock_Community	515f/806r	Allison_Plate_4_Run2	Fwd_18	FWD18	REV24	Rev_24
Mock_1_Bacteria_16S	FALSE	FALSE	Control	Mock_Community	Control	Control	Control	Control	Control_Mock_Community	515f/806r	Allison_Plate2_Run4	Fwd_95	FWD95	REV90	Rev_90
Mock_2_Bacteria_16S	FALSE	FALSE	Control	Mock_Community	Control	Control	Control	Control	Control_Mock_Community	515f/806r	Allison_Plate2_Run4	Fwd_96	FWD96	REV91	Rev_91
Mock_3_Bacteria_16S	FALSE	FALSE	Control	Mock_Community	Control	Control	Control	Control	Control_Mock_Community	515f/806r	Allison_Plate2_Run4	Fwd_97	FWD97	REV92	Rev_92
NTC_OH_1_FWD16	TRUE	FALSE	Control	PCR_Control	Control	Control	Control_Control	Control_Control	Control_PCR_Control	515f/806r	Allison_Plate 1_Run3	Fwd_16	FWD16	REV11	Rev_11
NTC_OH_2_FWD16	TRUE	FALSE	Control	PCR_Control	Control	Control	Control_Control	Control_Control	Control_PCR_Control	515f/806r	Allison_Plate 2_Run3	Fwd_16	FWD16	REV23	Rev_23
NTC_OH_3_FWD24	TRUE	FALSE	Control	PCR_Control	Control	Control	Control_Control	Control_Control	Control_PCR_Control	515f/806r	Allison_Plate 3_Run3	Fwd_24	FWD24	REV11	Rev_11
NTC_OH_1_16S	TRUE	FALSE	Control	PCR_Control	Control	Control	Control	Control	Control_PCR_Control	515f/806r	Allison_Plate2_Run4	Fwd_92	FWD92	REV87	Rev_87
NTC_OH_2_16S	TRUE	FALSE	Control	PCR_Control	Control	Control	Control	Control	Control_PCR_Control	515f/806r	Allison_Plate2_Run4	Fwd_93	FWD93	REV88	Rev_88
NTC_OH_3_16S	TRUE	FALSE	Control	PCR_Control	Control	Control	Control	Control	Control_PCR_Control	515f/806r	Allison_Plate2_Run4	Fwd_94	FWD94	REV89	Rev_89
OH_PCR_NTC_1B_FWD18	TRUE	FALSE	Control	PCR_Control	Control	Control	Control_Control	Control_Control	Control_PCR_Control	515f/806r	Allison_Plate_4_Run2	Fwd_24	FWD24	REV22	Rev_22
OH_PCR_NTC_2B_FWD18	TRUE	FALSE	Control	PCR_Control	Control	Control	Control_Control	Control_Control	Control_PCR_Control	515f/806r	Allison_Plate_4_Run2	Fwd_24	FWD24	REV23	Rev_23
OH_PCR_NTC_3B_FWD18	TRUE	FALSE	Control	PCR_Control	Control	Control	Control_Control	Control_Control	Control_PCR_Control	515f/806r	Allison_Plate_4_Run2	Fwd_24	FWD24	REV24	Rev_24
S100_NSW1092909_FWD12	FALSE	FALSE	Themeda_triandra	Jesmond_Park	North_Coast	Restored	Themeda_triandra_Restored	Themeda_triandra_North_Coast	Restored_Jesmond_Park	515f/806r	Allison_Plate 1_Run3	Fwd_12	FWD12	REV08	Rev_08
S101_NSW1092904_FWD12	FALSE	FALSE	Themeda_triandra	Jesmond_Park	North_Coast	Restored	Themeda_triandra_Restored	Themeda_triandra_North_Coast	Restored_Jesmond_Park	515f/806r	Allison_Plate 1_Run3	Fwd_12	FWD12	REV09	Rev_09
S102_NSW1092913_FWD12	FALSE	FALSE	Themeda_triandra	Jesmond_Park	North_Coast	Restored	Themeda_triandra_Restored	Themeda_triandra_North_Coast	Restored_Jesmond_Park	515f/806r	Allison_Plate 1_Run3	Fwd_12	FWD12	REV10	Rev_10
S103_NSW1092943_FWD12	FALSE	FALSE	Themeda_triandra	Jesmond_Park	North_Coast	Restored	Themeda_triandra_Restored	Themeda_triandra_North_Coast	Restored_Jesmond_Park	515f/806r	Allison_Plate 1_Run3	Fwd_12	FWD12	REV11	Rev_11
S104_NSW1092905_FWD12	FALSE	FALSE	Themeda_triandra	Jesmond_Park	North_Coast	Restored	Themeda_triandra_Restored	Themeda_triandra_North_Coast	Restored_Jesmond_Park	515f/806r	Allison_Plate 1_Run3	Fwd_12	FWD12	REV12	Rev_12
S105_NSW1092594_FWD21	FALSE	FALSE	Themeda_triandra	Meroo_NP_Romney_Park_Road	South_Coast	Natural	Themeda_triandra_Natural	Themeda_triandra_South_Coast	Natural_Meroo_NP_Romney_Park_Road	515f/806r	Allison_Plate_4_Run2	Fwd_21	FWD21	REV21	Rev_21
S106_NSW1092549_FWD21	FALSE	FALSE	Themeda_triandra	Meroo_NP_Romney_Park_Road	South_Coast	Natural	Themeda_triandra_Natural	Themeda_triandra_South_Coast	Natural_Meroo_NP_Romney_Park_Road	515f/806r	Allison_Plate_4_Run2	Fwd_21	FWD21	REV22	Rev_22
S107_NSW1092579_FWD21	FALSE	FALSE	Themeda_triandra	Meroo_NP_Romney_Park_Road	South_Coast	Natural	Themeda_triandra_Natural	Themeda_triandra_South_Coast	Natural_Meroo_NP_Romney_Park_Road	515f/806r	Allison_Plate_4_Run2	Fwd_21	FWD21	REV23	Rev_23
S108_NSW1092539_FWD21	FALSE	FALSE	Themeda_triandra	Meroo_NP_Romney_Park_Road	South_Coast	Natural	Themeda_triandra_Natural	Themeda_triandra_South_Coast	Natural_Meroo_NP_Romney_Park_Road	515f/806r	Allison_Plate_4_Run2	Fwd_21	FWD21	REV24	Rev_24
S109_NSW1092529_FWD22	FALSE	FALSE	Themeda_triandra	Meroo_NP_Romney_Park_Road	South_Coast	Natural	Themeda_triandra_Natural	Themeda_triandra_South_Coast	Natural_Meroo_NP_Romney_Park_Road	515f/806r	Allison_Plate_4_Run2	Fwd_22	FWD22	REV13	Rev_13
S110_NSW1092544_FWD22	FALSE	FALSE	Themeda_triandra	Meroo_NP_Romney_Park_Road	South_Coast	Natural	Themeda_triandra_Natural	Themeda_triandra_South_Coast	Natural_Meroo_NP_Romney_Park_Road	515f/806r	Allison_Plate_4_Run2	Fwd_22	FWD22	REV14	Rev_14
S111_NSW1092571_FWD22	FALSE	FALSE	Themeda_triandra	Meroo_NP_Romney_Park_Road	South_Coast	Natural	Themeda_triandra_Natural	Themeda_triandra_South_Coast	Natural_Meroo_NP_Romney_Park_Road	515f/806r	Allison_Plate_4_Run2	Fwd_22	FWD22	REV15	Rev_15
S112_NSW1092592_FWD22	FALSE	FALSE	Microlaena_stipoides	Meroo_NP_Romney_Park_Road	South_Coast	Natural	Microlaena_stipoides_Natural	Microlaena_stipoides_South_Coast	Natural_Meroo_NP_Romney_Park_Road	515f/806r	Allison_Plate_4_Run2	Fwd_22	FWD22	REV16	Rev_16
S113_NSW1092612_FWD22	FALSE	FALSE	Microlaena_stipoides	Meroo_NP_Romney_Park_Road	South_Coast	Natural	Microlaena_stipoides_Natural	Microlaena_stipoides_South_Coast	Natural_Meroo_NP_Romney_Park_Road	515f/806r	Allison_Plate_4_Run2	Fwd_22	FWD22	REV17	Rev_17
S114_NSW1092581_FWD22	FALSE	FALSE	Microlaena_stipoides	Meroo_NP_Romney_Park_Road	South_Coast	Natural	Microlaena_stipoides_Natural	Microlaena_stipoides_South_Coast	Natural_Meroo_NP_Romney_Park_Road	515f/806r	Allison_Plate_4_Run2	Fwd_22	FWD22	REV18	Rev_18
S115_NSW1092602_FWD22	FALSE	FALSE	Microlaena_stipoides	Meroo_NP_Romney_Park_Road	South_Coast	Natural	Microlaena_stipoides_Natural	Microlaena_stipoides_South_Coast	Natural_Meroo_NP_Romney_Park_Road	515f/806r	Allison_Plate_4_Run2	Fwd_22	FWD22	REV19	Rev_19
S116_NSW1092591_FWD22	FALSE	FALSE	Microlaena_stipoides	Meroo_NP_Romney_Park_Road	South_Coast	Natural	Microlaena_stipoides_Natural	Microlaena_stipoides_South_Coast	Natural_Meroo_NP_Romney_Park_Road	515f/806r	Allison_Plate_4_Run2	Fwd_22	FWD22	REV20	Rev_20
S117_NSW1092601_FWD22	FALSE	FALSE	Microlaena_stipoides	Meroo_NP_Romney_Park_Road	South_Coast	Natural	Microlaena_stipoides_Natural	Microlaena_stipoides_South_Coast	Natural_Meroo_NP_Romney_Park_Road	515f/806r	Allison_Plate_4_Run2	Fwd_22	FWD22	REV21	Rev_21
S118_NSW1092572_FWD22	FALSE	FALSE	Microlaena_stipoides	Meroo_NP_Romney_Park_Road	South_Coast	Natural	Microlaena_stipoides_Natural	Microlaena_stipoides_South_Coast	Natural_Meroo_NP_Romney_Park_Road	515f/806r	Allison_Plate_4_Run2	Fwd_22	FWD22	REV22	Rev_22
S119_NSW1092565_FWD22	FALSE	FALSE	Microlaena_stipoides	Jervis_Bay_NP_Parnell_Road	South_Coast	Natural	Microlaena_stipoides_Natural	Microlaena_stipoides_South_Coast	Natural_Jervis_Bay_NP_Parnell_Road	515f/806r	Allison_Plate_4_Run2	Fwd_22	FWD22	REV23	Rev_23
S120_NSW1092560_FWD22	FALSE	FALSE	Microlaena_stipoides	Jervis_Bay_NP_Parnell_Road	South_Coast	Natural	Microlaena_stipoides_Natural	Microlaena_stipoides_South_Coast	Natural_Jervis_Bay_NP_Parnell_Road	515f/806r	Allison_Plate_4_Run2	Fwd_22	FWD22	REV24	Rev_24
S121_NSW1092562_FWD23	FALSE	FALSE	Microlaena_stipoides	Jervis_Bay_NP_Parnell_Road	South_Coast	Natural	Microlaena_stipoides_Natural	Microlaena_stipoides_South_Coast	Natural_Jervis_Bay_NP_Parnell_Road	515f/806r	Allison_Plate_4_Run2	Fwd_23	FWD23	REV13	Rev_13
S122_NSW1092545_FWD23	FALSE	FALSE	Microlaena_stipoides	Jervis_Bay_NP_Parnell_Road	South_Coast	Natural	Microlaena_stipoides_Natural	Microlaena_stipoides_South_Coast	Natural_Jervis_Bay_NP_Parnell_Road	515f/806r	Allison_Plate_4_Run2	Fwd_23	FWD23	REV14	Rev_14
S123_NSW1092540_FWD23	FALSE	FALSE	Microlaena_stipoides	Jervis_Bay_NP_Parnell_Road	South_Coast	Natural	Microlaena_stipoides_Natural	Microlaena_stipoides_South_Coast	Natural_Jervis_Bay_NP_Parnell_Road	515f/806r	Allison_Plate_4_Run2	Fwd_23	FWD23	REV15	Rev_15
S124_NSW1092535_FWD23	FALSE	FALSE	Microlaena_stipoides	Jervis_Bay_NP_Parnell_Road	South_Coast	Natural	Microlaena_stipoides_Natural	Microlaena_stipoides_South_Coast	Natural_Jervis_Bay_NP_Parnell_Road	515f/806r	Allison_Plate_4_Run2	Fwd_23	FWD23	REV16	Rev_16
S125_NSW1092555_FWD23	FALSE	FALSE	Microlaena_stipoides	Jervis_Bay_NP_Parnell_Road	South_Coast	Natural	Microlaena_stipoides_Natural	Microlaena_stipoides_South_Coast	Natural_Jervis_Bay_NP_Parnell_Road	515f/806r	Allison_Plate_4_Run2	Fwd_23	FWD23	REV17	Rev_17
S126_NSW1092570_FWD13	FALSE	FALSE	Themeda_triandra	Jervis_Bay_NP_Parnell_Road	South_Coast	Natural	Themeda_triandra_Natural	Themeda_triandra_South_Coast	Natural_Jervis_Bay_NP_Parnell_Road	515f/806r	Allison_Plate 1_Run3	Fwd_13	FWD13	REV01	Rev_01
S127_NSW1092551_FWD13	FALSE	FALSE	Themeda_triandra	Jervis_Bay_NP_Parnell_Road	South_Coast	Natural	Themeda_triandra_Natural	Themeda_triandra_South_Coast	Natural_Jervis_Bay_NP_Parnell_Road	515f/806r	Allison_Plate 1_Run3	Fwd_13	FWD13	REV02	Rev_02
S128_NSW1092546_FWD13	FALSE	FALSE	Themeda_triandra	Jervis_Bay_NP_Parnell_Road	South_Coast	Natural	Themeda_triandra_Natural	Themeda_triandra_South_Coast	Natural_Jervis_Bay_NP_Parnell_Road	515f/806r	Allison_Plate 1_Run3	Fwd_13	FWD13	REV03	Rev_03
S129_NSW1092552_FWD13	FALSE	FALSE	Themeda_triandra	Jervis_Bay_NP_Parnell_Road	South_Coast	Natural	Themeda_triandra_Natural	Themeda_triandra_South_Coast	Natural_Jervis_Bay_NP_Parnell_Road	515f/806r	Allison_Plate 1_Run3	Fwd_13	FWD13	REV04	Rev_04
S130_NSW1092547_FWD13	FALSE	FALSE	Themeda_triandra	Jervis_Bay_NP_Parnell_Road	South_Coast	Natural	Themeda_triandra_Natural	Themeda_triandra_South_Coast	Natural_Jervis_Bay_NP_Parnell_Road	515f/806r	Allison_Plate 1_Run3	Fwd_13	FWD13	REV05	Rev_05
S131_NSW1092541_FWD13	FALSE	FALSE	Themeda_triandra	Jervis_Bay_NP_Parnell_Road	South_Coast	Natural	Themeda_triandra_Natural	Themeda_triandra_South_Coast	Natural_Jervis_Bay_NP_Parnell_Road	515f/806r	Allison_Plate 1_Run3	Fwd_13	FWD13	REV06	Rev_06
S132_NSW1092596_FWD13	FALSE	FALSE	Themeda_triandra	Jervis_Bay_NP_Parnell_Road	South_Coast	Natural	Themeda_triandra_Natural	Themeda_triandra_South_Coast	Natural_Jervis_Bay_NP_Parnell_Road	515f/806r	Allison_Plate 1_Run3	Fwd_13	FWD13	REV07	Rev_07
S133_NSW1092671_FWD13	FALSE	FALSE	Microlaena_stipoides	Bournda_NP_North_Tura	South_Coast	Natural	Microlaena_stipoides_Natural	Microlaena_stipoides_South_Coast	Natural_Bournda_NP_North_Tura	515f/806r	Allison_Plate 1_Run3	Fwd_13	FWD13	REV08	Rev_08
S134_NSW1092666_FWD13	FALSE	FALSE	Microlaena_stipoides	Bournda_NP_North_Tura	South_Coast	Natural	Microlaena_stipoides_Natural	Microlaena_stipoides_South_Coast	Natural_Bournda_NP_North_Tura	515f/806r	Allison_Plate 1_Run3	Fwd_13	FWD13	REV09	Rev_09
S135_NSW1092661_FWD13	FALSE	FALSE	Microlaena_stipoides	Bournda_NP_North_Tura	South_Coast	Natural	Microlaena_stipoides_Natural	Microlaena_stipoides_South_Coast	Natural_Bournda_NP_North_Tura	515f/806r	Allison_Plate 1_Run3	Fwd_13	FWD13	REV10	Rev_10
S136_NSW1092656_FWD13	FALSE	FALSE	Microlaena_stipoides	Bournda_NP_North_Tura	South_Coast	Natural	Microlaena_stipoides_Natural	Microlaena_stipoides_South_Coast	Natural_Bournda_NP_North_Tura	515f/806r	Allison_Plate 1_Run3	Fwd_13	FWD13	REV11	Rev_11
S137_NSW1092651_FWD13	FALSE	FALSE	Microlaena_stipoides	Bournda_NP_North_Tura	South_Coast	Natural	Microlaena_stipoides_Natural	Microlaena_stipoides_South_Coast	Natural_Bournda_NP_North_Tura	515f/806r	Allison_Plate 1_Run3	Fwd_13	FWD13	REV12	Rev_12
S138_NSW1092646_FWD14	FALSE	FALSE	Microlaena_stipoides	Bournda_NP_North_Tura	South_Coast	Natural	Microlaena_stipoides_Natural	Microlaena_stipoides_South_Coast	Natural_Bournda_NP_North_Tura	515f/806r	Allison_Plate 1_Run3	Fwd_14	FWD14	REV01	Rev_01
S139_NSW1092641_FWD14	FALSE	FALSE	Microlaena_stipoides	Bournda_NP_North_Tura	South_Coast	Natural	Microlaena_stipoides_Natural	Microlaena_stipoides_South_Coast	Natural_Bournda_NP_North_Tura	515f/806r	Allison_Plate 1_Run3	Fwd_14	FWD14	REV02	Rev_02
S14_NSW1092582_FWD19	FALSE	FALSE	Microlaena_stipoides	Meroo_NP_Romney_Park_Road	South_Coast	Natural	Microlaena_stipoides_Natural	Microlaena_stipoides_South_Coast	Natural_Meroo_NP_Romney_Park_Road	515f/806r	Allison_Plate_4_Run2	Fwd_19	FWD19	REV14	Rev_14
S140_NSW1092472_FWD14	FALSE	FALSE	Themeda_triandra	Short_Point_Reserve_Merimbula	South_Coast	Restored	Themeda_triandra_Restored	Themeda_triandra_South_Coast	Restored_Short_Point_Reserve_Merimbula	515f/806r	Allison_Plate 1_Run3	Fwd_14	FWD14	REV03	Rev_03
S141_NSW1092621_FWD14	FALSE	FALSE	Themeda_triandra	Short_Point_Reserve_Merimbula	South_Coast	Restored	Themeda_triandra_Restored	Themeda_triandra_South_Coast	Restored_Short_Point_Reserve_Merimbula	515f/806r	Allison_Plate 1_Run3	Fwd_14	FWD14	REV04	Rev_04
S142_NSW1092617_FWD14	FALSE	FALSE	Themeda_triandra	Short_Point_Reserve_Merimbula	South_Coast	Restored	Themeda_triandra_Restored	Themeda_triandra_South_Coast	Restored_Short_Point_Reserve_Merimbula	515f/806r	Allison_Plate 1_Run3	Fwd_14	FWD14	REV05	Rev_05
S143_NSW1092622_FWD14	FALSE	FALSE	Themeda_triandra	Short_Point_Reserve_Merimbula	South_Coast	Restored	Themeda_triandra_Restored	Themeda_triandra_South_Coast	Restored_Short_Point_Reserve_Merimbula	515f/806r	Allison_Plate 1_Run3	Fwd_14	FWD14	REV06	Rev_06
S144_NSW1092627_FWD14	FALSE	FALSE	Themeda_triandra	Short_Point_Reserve_Merimbula	South_Coast	Restored	Themeda_triandra_Restored	Themeda_triandra_South_Coast	Restored_Short_Point_Reserve_Merimbula	515f/806r	Allison_Plate 1_Run3	Fwd_14	FWD14	REV07	Rev_07
S145_NSW1092632_FWD14	FALSE	FALSE	Themeda_triandra	Short_Point_Reserve_Merimbula	South_Coast	Restored	Themeda_triandra_Restored	Themeda_triandra_South_Coast	Restored_Short_Point_Reserve_Merimbula	515f/806r	Allison_Plate 1_Run3	Fwd_14	FWD14	REV08	Rev_08
S146_NSW1092637_FWD14	FALSE	FALSE	Themeda_triandra	Short_Point_Reserve_Merimbula	South_Coast	Restored	Themeda_triandra_Restored	Themeda_triandra_South_Coast	Restored_Short_Point_Reserve_Merimbula	515f/806r	Allison_Plate 1_Run3	Fwd_14	FWD14	REV09	Rev_09
S147_NSW1092881_FWD14	FALSE	FALSE	Themeda_triandra	Duesburys_Point_Dalmeny	South_Coast	Natural	Themeda_triandra_Restored	Themeda_triandra_South_Coast	Natural_Duesburys_Point_Dalmeny	515f/806r	Allison_Plate 1_Run3	Fwd_14	FWD14	REV10	Rev_10
S148_NSW1092886_FWD14	FALSE	FALSE	Themeda_triandra	Duesburys_Point_Dalmeny	South_Coast	Natural	Themeda_triandra_Restored	Themeda_triandra_South_Coast	Natural_Duesburys_Point_Dalmeny	515f/806r	Allison_Plate 1_Run3	Fwd_14	FWD14	REV11	Rev_11
S149_NSW1092891_FWD14	FALSE	FALSE	Themeda_triandra	Duesburys_Point_Dalmeny	South_Coast	Natural	Themeda_triandra_Restored	Themeda_triandra_South_Coast	Natural_Duesburys_Point_Dalmeny	515f/806r	Allison_Plate 1_Run3	Fwd_14	FWD14	REV12	Rev_12
S15_NSW1092567_FWD19	FALSE	FALSE	Microlaena_stipoides	Jervis_Bay_NP_Parnell_Road	South_Coast	Natural	Microlaena_stipoides_Natural	Microlaena_stipoides_South_Coast	Natural_Jervis_Bay_NP_Parnell_Road	515f/806r	Allison_Plate_4_Run2	Fwd_19	FWD19	REV15	Rev_15
S150_NSW1092901_FWD15	FALSE	FALSE	Themeda_triandra	Duesburys_Point_Dalmeny	South_Coast	Natural	Themeda_triandra_Restored	Themeda_triandra_South_Coast	Natural_Duesburys_Point_Dalmeny	515f/806r	Allison_Plate 1_Run3	Fwd_15	FWD15	REV01	Rev_01
S151_NSW1092906_FWD15	FALSE	FALSE	Themeda_triandra	Duesburys_Point_Dalmeny	South_Coast	Natural	Themeda_triandra_Restored	Themeda_triandra_South_Coast	Natural_Duesburys_Point_Dalmeny	515f/806r	Allison_Plate 1_Run3	Fwd_15	FWD15	REV02	Rev_02
S152_NSW1092926_FWD15	FALSE	FALSE	Themeda_triandra	Duesburys_Point_Dalmeny	South_Coast	Natural	Themeda_triandra_Restored	Themeda_triandra_South_Coast	Natural_Duesburys_Point_Dalmeny	515f/806r	Allison_Plate 1_Run3	Fwd_15	FWD15	REV03	Rev_03
S153_NSW1092931_FWD15	FALSE	FALSE	Themeda_triandra	Duesburys_Point_Dalmeny	South_Coast	Natural	Themeda_triandra_Restored	Themeda_triandra_South_Coast	Natural_Duesburys_Point_Dalmeny	515f/806r	Allison_Plate 1_Run3	Fwd_15	FWD15	REV04	Rev_04
S154_NSW1092536_FWD15	FALSE	FALSE	Themeda_triandra	Tathra_APZ_Panorama_Drive	South_Coast	Restored	Themeda_triandra_Restored	Themeda_triandra_South_Coast	Restored_Tathra_APZ_Panorama_Drive	515f/806r	Allison_Plate 1_Run3	Fwd_15	FWD15	REV05	Rev_05
S155_NSW1092613_FWD15	FALSE	FALSE	Themeda_triandra	Tathra_APZ_Panorama_Drive	South_Coast	Restored	Themeda_triandra_Restored	Themeda_triandra_South_Coast	Restored_Tathra_APZ_Panorama_Drive	515f/806r	Allison_Plate 1_Run3	Fwd_15	FWD15	REV06	Rev_06
S156_NSW1092623_FWD15	FALSE	FALSE	Themeda_triandra	Tathra_APZ_Panorama_Drive	South_Coast	Restored	Themeda_triandra_Restored	Themeda_triandra_South_Coast	Restored_Tathra_APZ_Panorama_Drive	515f/806r	Allison_Plate 1_Run3	Fwd_15	FWD15	REV07	Rev_07
S157_NSW1092629_FWD15	FALSE	FALSE	Themeda_triandra	Tathra_APZ_Panorama_Drive	South_Coast	Restored	Themeda_triandra_Restored	Themeda_triandra_South_Coast	Restored_Tathra_APZ_Panorama_Drive	515f/806r	Allison_Plate 1_Run3	Fwd_15	FWD15	REV08	Rev_08
S158_NSW1092630_FWD15	FALSE	FALSE	Themeda_triandra	Tathra_APZ_Panorama_Drive	South_Coast	Restored	Themeda_triandra_Restored	Themeda_triandra_South_Coast	Restored_Tathra_APZ_Panorama_Drive	515f/806r	Allison_Plate 1_Run3	Fwd_15	FWD15	REV09	Rev_09
S159_NSW1092624_FWD15	FALSE	FALSE	Themeda_triandra	Tathra_APZ_Panorama_Drive	South_Coast	Restored	Themeda_triandra_Restored	Themeda_triandra_South_Coast	Restored_Tathra_APZ_Panorama_Drive	515f/806r	Allison_Plate 1_Run3	Fwd_15	FWD15	REV10	Rev_10
S160_NSW1092619_FWD15	FALSE	FALSE	Themeda_triandra	Tathra_APZ_Panorama_Drive	South_Coast	Restored	Themeda_triandra_Restored	Themeda_triandra_South_Coast	Restored_Tathra_APZ_Panorama_Drive	515f/806r	Allison_Plate 1_Run3	Fwd_15	FWD15	REV11	Rev_11
S161_NSW1092628_FWD15	FALSE	FALSE	Themeda_triandra	Tathra_APZ_Panorama_Drive	South_Coast	Restored	Themeda_triandra_Restored	Themeda_triandra_South_Coast	Restored_Tathra_APZ_Panorama_Drive	515f/806r	Allison_Plate 1_Run3	Fwd_15	FWD15	REV12	Rev_12
S162_NSW1092531_FWD16	FALSE	FALSE	Microlaena_stipoides	Tathra_APZ_Panorama_Drive	South_Coast	Restored	Microlaena_stipoides_Restored	Microlaena_stipoides_South_Coast	Restored_Tathra_APZ_Panorama_Drive	515f/806r	Allison_Plate 1_Run3	Fwd_16	FWD16	REV01	Rev_01
S163_NSW1092542_FWD16	FALSE	FALSE	Microlaena_stipoides	Tathra_APZ_Panorama_Drive	South_Coast	Restored	Microlaena_stipoides_Restored	Microlaena_stipoides_South_Coast	Restored_Tathra_APZ_Panorama_Drive	515f/806r	Allison_Plate 1_Run3	Fwd_16	FWD16	REV02	Rev_02
S164_NSW1092537_FWD16	FALSE	FALSE	Microlaena_stipoides	Tathra_APZ_Panorama_Drive	South_Coast	Restored	Microlaena_stipoides_Restored	Microlaena_stipoides_South_Coast	Restored_Tathra_APZ_Panorama_Drive	515f/806r	Allison_Plate 1_Run3	Fwd_16	FWD16	REV03	Rev_03
S165_NSW1092532_FWD16	FALSE	FALSE	Microlaena_stipoides	Tathra_APZ_Panorama_Drive	South_Coast	Restored	Microlaena_stipoides_Restored	Microlaena_stipoides_South_Coast	Restored_Tathra_APZ_Panorama_Drive	515f/806r	Allison_Plate 1_Run3	Fwd_16	FWD16	REV04	Rev_04
S166_NSW1092615_FWD16	FALSE	FALSE	Microlaena_stipoides	Tathra_APZ_Panorama_Drive	South_Coast	Restored	Microlaena_stipoides_Restored	Microlaena_stipoides_South_Coast	Restored_Tathra_APZ_Panorama_Drive	515f/806r	Allison_Plate 1_Run3	Fwd_16	FWD16	REV05	Rev_05
S167_NSW1092620_FWD16	FALSE	FALSE	Microlaena_stipoides	Tathra_APZ_Panorama_Drive	South_Coast	Restored	Microlaena_stipoides_Restored	Microlaena_stipoides_South_Coast	Restored_Tathra_APZ_Panorama_Drive	515f/806r	Allison_Plate 1_Run3	Fwd_16	FWD16	REV06	Rev_06
S168_NSW1092618_FWD16	FALSE	FALSE	Microlaena_stipoides	Tathra_APZ_Panorama_Drive	South_Coast	Restored	Microlaena_stipoides_Restored	Microlaena_stipoides_South_Coast	Restored_Tathra_APZ_Panorama_Drive	515f/806r	Allison_Plate 1_Run3	Fwd_16	FWD16	REV07	Rev_07
S169_NSW1092522_FWD16	FALSE	FALSE	Microlaena_stipoides	Noorumba_Reserve_Rosemeadow	Sydney	Natural	Microlaena_stipoides_Natural	Microlaena_stipoides_Sydney	Natural_Noorumba_Reserve_Rosemeadow	515f/806r	Allison_Plate 1_Run3	Fwd_16	FWD16	REV08	Rev_08
S17_NSW1092636_FWD19	FALSE	FALSE	Microlaena_stipoides	Bournda_NP_North_Tura	South_Coast	Natural	Microlaena_stipoides_Natural	Microlaena_stipoides_South_Coast	Natural_Bournda_NP_North_Tura	515f/806r	Allison_Plate_4_Run2	Fwd_19	FWD19	REV17	Rev_17
S170_NSW1092505_FWD16	FALSE	FALSE	Microlaena_stipoides	Noorumba_Reserve_Rosemeadow	Sydney	Natural	Microlaena_stipoides_Natural	Microlaena_stipoides_Sydney	Natural_Noorumba_Reserve_Rosemeadow	515f/806r	Allison_Plate 1_Run3	Fwd_16	FWD16	REV09	Rev_09
S171_NSW1092506_FWD16	FALSE	FALSE	Microlaena_stipoides	Noorumba_Reserve_Rosemeadow	Sydney	Natural	Microlaena_stipoides_Natural	Microlaena_stipoides_Sydney	Natural_Noorumba_Reserve_Rosemeadow	515f/806r	Allison_Plate 1_Run3	Fwd_16	FWD16	REV10	Rev_10
S172_NSW1092507_FWD09	FALSE	FALSE	Microlaena_stipoides	Noorumba_Reserve_Rosemeadow	Sydney	Natural	Microlaena_stipoides_Natural	Microlaena_stipoides_Sydney	Natural_Noorumba_Reserve_Rosemeadow	515f/806r	Allison_Plate 2_Run3	Fwd_09	FWD09	REV13	Rev_13
S173_NSW1092508_FWD09	FALSE	FALSE	Microlaena_stipoides	Noorumba_Reserve_Rosemeadow	Sydney	Natural	Microlaena_stipoides_Natural	Microlaena_stipoides_Sydney	Natural_Noorumba_Reserve_Rosemeadow	515f/806r	Allison_Plate 2_Run3	Fwd_09	FWD09	REV14	Rev_14
S174_NSW1092521_FWD09	FALSE	FALSE	Microlaena_stipoides	Noorumba_Reserve_Rosemeadow	Sydney	Natural	Microlaena_stipoides_Natural	Microlaena_stipoides_Sydney	Natural_Noorumba_Reserve_Rosemeadow	515f/806r	Allison_Plate 2_Run3	Fwd_09	FWD09	REV15	Rev_15
S175_NSW1092520_FWD09	FALSE	FALSE	Microlaena_stipoides	Noorumba_Reserve_Rosemeadow	Sydney	Natural	Microlaena_stipoides_Natural	Microlaena_stipoides_Sydney	Natural_Noorumba_Reserve_Rosemeadow	515f/806r	Allison_Plate 2_Run3	Fwd_09	FWD09	REV16	Rev_16
S176_NSW1092503_FWD09	FALSE	FALSE	Themeda_triandra	Noorumba_Reserve_Rosemeadow	Sydney	Natural	Themeda_triandra_Natural	Themeda_triandra_Sydney	Natural_Noorumba_Reserve_Rosemeadow	515f/806r	Allison_Plate 2_Run3	Fwd_09	FWD09	REV17	Rev_17
S177_NSW1092518_FWD09	FALSE	FALSE	Themeda_triandra	Noorumba_Reserve_Rosemeadow	Sydney	Natural	Themeda_triandra_Natural	Themeda_triandra_Sydney	Natural_Noorumba_Reserve_Rosemeadow	515f/806r	Allison_Plate 2_Run3	Fwd_09	FWD09	REV18	Rev_18
S178_NSW1092510_FWD09	FALSE	FALSE	Themeda_triandra	Noorumba_Reserve_Rosemeadow	Sydney	Natural	Themeda_triandra_Natural	Themeda_triandra_Sydney	Natural_Noorumba_Reserve_Rosemeadow	515f/806r	Allison_Plate 2_Run3	Fwd_09	FWD09	REV19	Rev_19
S179_NSW1092511_FWD09	FALSE	FALSE	Themeda_triandra	Noorumba_Reserve_Rosemeadow	Sydney	Natural	Themeda_triandra_Natural	Themeda_triandra_Sydney	Natural_Noorumba_Reserve_Rosemeadow	515f/806r	Allison_Plate 2_Run3	Fwd_09	FWD09	REV20	Rev_20
S180_NSW1092513_FWD09	FALSE	FALSE	Themeda_triandra	Noorumba_Reserve_Rosemeadow	Sydney	Natural	Themeda_triandra_Natural	Themeda_triandra_Sydney	Natural_Noorumba_Reserve_Rosemeadow	515f/806r	Allison_Plate 2_Run3	Fwd_09	FWD09	REV21	Rev_21
S181_NSW1092514_FWD09	FALSE	FALSE	Themeda_triandra	Noorumba_Reserve_Rosemeadow	Sydney	Natural	Themeda_triandra_Natural	Themeda_triandra_Sydney	Natural_Noorumba_Reserve_Rosemeadow	515f/806r	Allison_Plate 2_Run3	Fwd_09	FWD09	REV22	Rev_22
S182_NSW1092517_FWD09	FALSE	FALSE	Themeda_triandra	Noorumba_Reserve_Rosemeadow	Sydney	Natural	Themeda_triandra_Natural	Themeda_triandra_Sydney	Natural_Noorumba_Reserve_Rosemeadow	515f/806r	Allison_Plate 2_Run3	Fwd_09	FWD09	REV23	Rev_23
S183_NSW1092516_FWD09	FALSE	FALSE	Themeda_triandra	Noorumba_Reserve_Rosemeadow	Sydney	Natural	Themeda_triandra_Natural	Themeda_triandra_Sydney	Natural_Noorumba_Reserve_Rosemeadow	515f/806r	Allison_Plate 2_Run3	Fwd_09	FWD09	REV24	Rev_24
S184_NSW1092491_FWD10	FALSE	FALSE	Microlaena_stipoides	Crest_Reserve_Bankstown	Sydney	Restored	Microlaena_stipoides_Restored	Microlaena_stipoides_Sydney	Restored_Crest_Reserve_Bankstown	515f/806r	Allison_Plate 2_Run3	Fwd_10	FWD10	REV13	Rev_13
S185_NSW1092492_FWD10	FALSE	FALSE	Microlaena_stipoides	Crest_Reserve_Bankstown	Sydney	Restored	Microlaena_stipoides_Restored	Microlaena_stipoides_Sydney	Restored_Crest_Reserve_Bankstown	515f/806r	Allison_Plate 2_Run3	Fwd_10	FWD10	REV14	Rev_14
S186_NSW1092493_FWD10	FALSE	FALSE	Microlaena_stipoides	Crest_Reserve_Bankstown	Sydney	Restored	Microlaena_stipoides_Restored	Microlaena_stipoides_Sydney	Restored_Crest_Reserve_Bankstown	515f/806r	Allison_Plate 2_Run3	Fwd_10	FWD10	REV15	Rev_15
S187_NSW1092494_FWD10	FALSE	FALSE	Microlaena_stipoides	Crest_Reserve_Bankstown	Sydney	Restored	Microlaena_stipoides_Restored	Microlaena_stipoides_Sydney	Restored_Crest_Reserve_Bankstown	515f/806r	Allison_Plate 2_Run3	Fwd_10	FWD10	REV16	Rev_16
S188_NSW1092496_FWD10	FALSE	FALSE	Microlaena_stipoides	Crest_Reserve_Bankstown	Sydney	Restored	Microlaena_stipoides_Restored	Microlaena_stipoides_Sydney	Restored_Crest_Reserve_Bankstown	515f/806r	Allison_Plate 2_Run3	Fwd_10	FWD10	REV17	Rev_17
S189_NSW1092498_FWD10	FALSE	FALSE	Microlaena_stipoides	Crest_Reserve_Bankstown	Sydney	Restored	Microlaena_stipoides_Restored	Microlaena_stipoides_Sydney	Restored_Crest_Reserve_Bankstown	515f/806r	Allison_Plate 2_Run3	Fwd_10	FWD10	REV18	Rev_18
S19_NSW1092584_FWD17	FALSE	FALSE	Microlaena_stipoides	Garrad_Reserve_Narrawallee	South_Coast	Restored	Microlaena_stipoides_Restored	Microlaena_stipoides_South_Coast	Restored_Garrad_Reserve_Narrawallee	515f/806r	Allison_Plate_4_Run2	Fwd_17	FWD17	REV19	Rev_19
S190_NSW1092499_FWD10	FALSE	FALSE	Microlaena_stipoides	Crest_Reserve_Bankstown	Sydney	Restored	Microlaena_stipoides_Restored	Microlaena_stipoides_Sydney	Restored_Crest_Reserve_Bankstown	515f/806r	Allison_Plate 2_Run3	Fwd_10	FWD10	REV19	Rev_19
S191_NSW1092486_FWD10	FALSE	FALSE	Themeda_triandra	Crest_Reserve_Bankstown	Sydney	Restored	Themeda_triandra_Restored	Themeda_triandra_Sydney	Restored_Crest_Reserve_Bankstown	515f/806r	Allison_Plate 2_Run3	Fwd_10	FWD10	REV20	Rev_20
S192_NSW1092482_FWD10	FALSE	FALSE	Themeda_triandra	Crest_Reserve_Bankstown	Sydney	Restored	Themeda_triandra_Restored	Themeda_triandra_Sydney	Restored_Crest_Reserve_Bankstown	515f/806r	Allison_Plate 2_Run3	Fwd_10	FWD10	REV21	Rev_21
S193_NSW1092477_FWD10	FALSE	FALSE	Themeda_triandra	Crest_Reserve_Bankstown	Sydney	Restored	Themeda_triandra_Restored	Themeda_triandra_Sydney	Restored_Crest_Reserve_Bankstown	515f/806r	Allison_Plate 2_Run3	Fwd_10	FWD10	REV22	Rev_22
S194_NSW1092487_FWD10	FALSE	FALSE	Themeda_triandra	Crest_Reserve_Bankstown	Sydney	Restored	Themeda_triandra_Restored	Themeda_triandra_Sydney	Restored_Crest_Reserve_Bankstown	515f/806r	Allison_Plate 2_Run3	Fwd_10	FWD10	REV23	Rev_23
S195_NSW1092488_FWD10	FALSE	FALSE	Themeda_triandra	Crest_Reserve_Bankstown	Sydney	Restored	Themeda_triandra_Restored	Themeda_triandra_Sydney	Restored_Crest_Reserve_Bankstown	515f/806r	Allison_Plate 2_Run3	Fwd_10	FWD10	REV24	Rev_24
S196_NSW1092489_FWD11	FALSE	FALSE	Themeda_triandra	Crest_Reserve_Bankstown	Sydney	Restored	Themeda_triandra_Restored	Themeda_triandra_Sydney	Restored_Crest_Reserve_Bankstown	515f/806r	Allison_Plate 2_Run3	Fwd_11	FWD11	REV13	Rev_13
S197_NSW1092502_FWD11	FALSE	FALSE	Themeda_triandra	Crest_Reserve_Bankstown	Sydney	Restored	Themeda_triandra_Restored	Themeda_triandra_Sydney	Restored_Crest_Reserve_Bankstown	515f/806r	Allison_Plate 2_Run3	Fwd_11	FWD11	REV14	Rev_14
S198_NSW1092481_FWD11	FALSE	FALSE	Themeda_triandra	Crest_Reserve_Bankstown	Sydney	Restored	Themeda_triandra_Restored	Themeda_triandra_Sydney	Restored_Crest_Reserve_Bankstown	515f/806r	Allison_Plate 2_Run3	Fwd_11	FWD11	REV15	Rev_15
S199_NSW1092638_FWD11	FALSE	FALSE	Microlaena_stipoides	Elizabeth_Macarthur_Reserve_Camden	Sydney	Restored	Microlaena_stipoides_Restored	Microlaena_stipoides_Sydney	Restored_Elizabeth_Macarthur_Reserve_Camden	515f/806r	Allison_Plate 2_Run3	Fwd_11	FWD11	REV16	Rev_16
S20_NSW1092634_FWD17	FALSE	FALSE	Microlaena_stipoides	Tathra_APZ_Panorama_Drive	South_Coast	Restored	Microlaena_stipoides_Restored	Microlaena_stipoides_South_Coast	Restored_Tathra_APZ_Panorama_Drive	515f/806r	Allison_Plate_4_Run2	Fwd_17	FWD17	REV20	Rev_20
S200_NSW1092639_FWD11	FALSE	FALSE	Microlaena_stipoides	Elizabeth_Macarthur_Reserve_Camden	Sydney	Restored	Microlaena_stipoides_Restored	Microlaena_stipoides_Sydney	Restored_Elizabeth_Macarthur_Reserve_Camden	515f/806r	Allison_Plate 2_Run3	Fwd_11	FWD11	REV17	Rev_17
S201_NSW1092640_FWD11	FALSE	FALSE	Microlaena_stipoides	Elizabeth_Macarthur_Reserve_Camden	Sydney	Restored	Microlaena_stipoides_Restored	Microlaena_stipoides_Sydney	Restored_Elizabeth_Macarthur_Reserve_Camden	515f/806r	Allison_Plate 2_Run3	Fwd_11	FWD11	REV18	Rev_18
S202_NSW1092643_FWD11	FALSE	FALSE	Microlaena_stipoides	Elizabeth_Macarthur_Reserve_Camden	Sydney	Restored	Microlaena_stipoides_Restored	Microlaena_stipoides_Sydney	Restored_Elizabeth_Macarthur_Reserve_Camden	515f/806r	Allison_Plate 2_Run3	Fwd_11	FWD11	REV19	Rev_19
S203_NSW1092649_FWD11	FALSE	FALSE	Microlaena_stipoides	Elizabeth_Macarthur_Reserve_Camden	Sydney	Restored	Microlaena_stipoides_Restored	Microlaena_stipoides_Sydney	Restored_Elizabeth_Macarthur_Reserve_Camden	515f/806r	Allison_Plate 2_Run3	Fwd_11	FWD11	REV20	Rev_20
S204_NSW1092644_FWD11	FALSE	FALSE	Microlaena_stipoides	Elizabeth_Macarthur_Reserve_Camden	Sydney	Restored	Microlaena_stipoides_Restored	Microlaena_stipoides_Sydney	Restored_Elizabeth_Macarthur_Reserve_Camden	515f/806r	Allison_Plate 2_Run3	Fwd_11	FWD11	REV21	Rev_21
S205_NSW1092645_FWD11	FALSE	FALSE	Microlaena_stipoides	Elizabeth_Macarthur_Reserve_Camden	Sydney	Restored	Microlaena_stipoides_Restored	Microlaena_stipoides_Sydney	Restored_Elizabeth_Macarthur_Reserve_Camden	515f/806r	Allison_Plate 2_Run3	Fwd_11	FWD11	REV22	Rev_22
S206_NSW1092648_FWD11	FALSE	FALSE	Microlaena_stipoides	Elizabeth_Macarthur_Reserve_Camden	Sydney	Restored	Microlaena_stipoides_Restored	Microlaena_stipoides_Sydney	Restored_Elizabeth_Macarthur_Reserve_Camden	515f/806r	Allison_Plate 2_Run3	Fwd_11	FWD11	REV23	Rev_23
S207_NSW1092655_FWD11	FALSE	FALSE	Themeda_triandra	Elizabeth_Macarthur_Reserve_Camden	Sydney	Restored	Themeda_triandra_Restored	Themeda_triandra_Sydney	Restored_Elizabeth_Macarthur_Reserve_Camden	515f/806r	Allison_Plate 2_Run3	Fwd_11	FWD11	REV24	Rev_24
S208_NSW1092658_FWD12	FALSE	FALSE	Themeda_triandra	Elizabeth_Macarthur_Reserve_Camden	Sydney	Restored	Themeda_triandra_Restored	Themeda_triandra_Sydney	Restored_Elizabeth_Macarthur_Reserve_Camden	515f/806r	Allison_Plate 2_Run3	Fwd_12	FWD12	REV13	Rev_13
S209_NSW1092659_FWD12	FALSE	FALSE	Themeda_triandra	Elizabeth_Macarthur_Reserve_Camden	Sydney	Restored	Themeda_triandra_Restored	Themeda_triandra_Sydney	Restored_Elizabeth_Macarthur_Reserve_Camden	515f/806r	Allison_Plate 2_Run3	Fwd_12	FWD12	REV14	Rev_14
S210_NSW1092660_FWD12	FALSE	FALSE	Themeda_triandra	Elizabeth_Macarthur_Reserve_Camden	Sydney	Restored	Themeda_triandra_Restored	Themeda_triandra_Sydney	Restored_Elizabeth_Macarthur_Reserve_Camden	515f/806r	Allison_Plate 2_Run3	Fwd_12	FWD12	REV15	Rev_15
S211_NSW1092665_FWD12	FALSE	FALSE	Themeda_triandra	Elizabeth_Macarthur_Reserve_Camden	Sydney	Restored	Themeda_triandra_Restored	Themeda_triandra_Sydney	Restored_Elizabeth_Macarthur_Reserve_Camden	515f/806r	Allison_Plate 2_Run3	Fwd_12	FWD12	REV16	Rev_16
S212_NSW1092664_FWD12	FALSE	FALSE	Themeda_triandra	Elizabeth_Macarthur_Reserve_Camden	Sydney	Restored	Themeda_triandra_Restored	Themeda_triandra_Sydney	Restored_Elizabeth_Macarthur_Reserve_Camden	515f/806r	Allison_Plate 2_Run3	Fwd_12	FWD12	REV17	Rev_17
S213_NSW1092668_FWD12	FALSE	FALSE	Themeda_triandra	Elizabeth_Macarthur_Reserve_Camden	Sydney	Restored	Themeda_triandra_Restored	Themeda_triandra_Sydney	Restored_Elizabeth_Macarthur_Reserve_Camden	515f/806r	Allison_Plate 2_Run3	Fwd_12	FWD12	REV18	Rev_18
S214_NSW1092669_FWD12	FALSE	FALSE	Themeda_triandra	Elizabeth_Macarthur_Reserve_Camden	Canberra	Restored	Themeda_triandra_Restored	Themeda_triandra_Canberra	Restored_Elizabeth_Macarthur_Reserve_Camden	515f/806r	Allison_Plate 2_Run3	Fwd_12	FWD12	REV19	Rev_19
S215_NSW1092845_FWD12	FALSE	FALSE	Themeda_triandra	Yarramundi_Grasslands	Canberra	Restored	Themeda_triandra_Restored	Themeda_triandra_Canberra	Restored_Yarramundi_Grasslands	515f/806r	Allison_Plate 2_Run3	Fwd_12	FWD12	REV20	Rev_20
S216_NSW1092815_FWD12	FALSE	FALSE	Themeda_triandra	Yarramundi_Grasslands	Canberra	Restored	Themeda_triandra_Restored	Themeda_triandra_Canberra	Restored_Yarramundi_Grasslands	515f/806r	Allison_Plate 2_Run3	Fwd_12	FWD12	REV21	Rev_21
S217_NSW1092820_FWD12	FALSE	FALSE	Themeda_triandra	Yarramundi_Grasslands	Canberra	Restored	Themeda_triandra_Restored	Themeda_triandra_Canberra	Restored_Yarramundi_Grasslands	515f/806r	Allison_Plate 2_Run3	Fwd_12	FWD12	REV22	Rev_22
S218_NSW1092825_FWD12	FALSE	FALSE	Themeda_triandra	Yarramundi_Grasslands	Canberra	Restored	Themeda_triandra_Restored	Themeda_triandra_Canberra	Restored_Yarramundi_Grasslands	515f/806r	Allison_Plate 2_Run3	Fwd_12	FWD12	REV23	Rev_23
S219_NSW1092830_FWD12	FALSE	FALSE	Themeda_triandra	Yarramundi_Grasslands	Canberra	Restored	Themeda_triandra_Restored	Themeda_triandra_Canberra	Restored_Yarramundi_Grasslands	515f/806r	Allison_Plate 2_Run3	Fwd_12	FWD12	REV24	Rev_24
S22_NSW1092495_FWD17	FALSE	FALSE	Microlaena_stipoides	Crest_Reserve_Bankstown	Sydney	Restored	Microlaena_stipoides_Restored	Microlaena_stipoides_Sydney	Restored_Crest_Reserve_Bankstown	515f/806r	Allison_Plate_4_Run2	Fwd_17	FWD17	REV22	Rev_22
S220_NSW1092860_FWD13	FALSE	FALSE	Themeda_triandra	Yarramundi_Grasslands	Canberra	Restored	Themeda_triandra_Restored	Themeda_triandra_Canberra	Restored_Yarramundi_Grasslands	515f/806r	Allison_Plate 2_Run3	Fwd_13	FWD13	REV13	Rev_13
S221_NSW1092866_FWD13	FALSE	FALSE	Themeda_triandra	Yarramundi_Grasslands	Canberra	Restored	Themeda_triandra_Restored	Themeda_triandra_Canberra	Restored_Yarramundi_Grasslands	515f/806r	Allison_Plate 2_Run3	Fwd_13	FWD13	REV14	Rev_14
S222_NSW1092792_FWD13	FALSE	FALSE	Microlaena_stipoides	Mount_Pleasant	Canberra	Natural	Microlaena_stipoides_Natural	Microlaena_stipoides_Canberra	Natural_Mount_Pleasant	515f/806r	Allison_Plate 2_Run3	Fwd_13	FWD13	REV15	Rev_15
S223_NSW1092791_FWD13	FALSE	FALSE	Microlaena_stipoides	Mount_Pleasant	Canberra	Natural	Microlaena_stipoides_Natural	Microlaena_stipoides_Canberra	Natural_Mount_Pleasant	515f/806r	Allison_Plate 2_Run3	Fwd_13	FWD13	REV16	Rev_16
S224_NSW1092801_FWD13	FALSE	FALSE	Microlaena_stipoides	Mount_Pleasant	Canberra	Natural	Microlaena_stipoides_Natural	Microlaena_stipoides_Canberra	Natural_Mount_Pleasant	515f/806r	Allison_Plate 2_Run3	Fwd_13	FWD13	REV17	Rev_17
S225_NSW1092806_FWD13	FALSE	FALSE	Microlaena_stipoides	Mount_Pleasant	Canberra	Natural	Microlaena_stipoides_Natural	Microlaena_stipoides_Canberra	Natural_Mount_Pleasant	515f/806r	Allison_Plate 2_Run3	Fwd_13	FWD13	REV18	Rev_18
S226_NSW1092821_FWD13	FALSE	FALSE	Microlaena_stipoides	Mount_Pleasant	Canberra	Natural	Microlaena_stipoides_Natural	Microlaena_stipoides_Canberra	Natural_Mount_Pleasant	515f/806r	Allison_Plate 2_Run3	Fwd_13	FWD13	REV19	Rev_19
S227_NSW1092816_FWD13	FALSE	FALSE	Microlaena_stipoides	Mount_Pleasant	Canberra	Natural	Microlaena_stipoides_Natural	Microlaena_stipoides_Canberra	Natural_Mount_Pleasant	515f/806r	Allison_Plate 2_Run3	Fwd_13	FWD13	REV20	Rev_20
S228_NSW1092898_FWD13	FALSE	FALSE	Microlaena_stipoides	Mount_Pleasant	Canberra	Natural	Microlaena_stipoides_Natural	Microlaena_stipoides_Canberra	Natural_Mount_Pleasant	515f/806r	Allison_Plate 2_Run3	Fwd_13	FWD13	REV21	Rev_21
S229_NSW1092807_FWD13	FALSE	FALSE	Themeda_triandra	Mount_Pleasant	Canberra	Natural	Themeda_triandra_Natural	Themeda_triandra_Canberra	Natural_Mount_Pleasant	515f/806r	Allison_Plate 2_Run3	Fwd_13	FWD13	REV22	Rev_22
S230_NSW1092812_FWD13	FALSE	FALSE	Themeda_triandra	Mount_Pleasant	Canberra	Natural	Themeda_triandra_Natural	Themeda_triandra_Canberra	Natural_Mount_Pleasant	515f/806r	Allison_Plate 2_Run3	Fwd_13	FWD13	REV23	Rev_23
S231_NSW1092817_FWD13	FALSE	FALSE	Themeda_triandra	Mount_Pleasant	Canberra	Natural	Themeda_triandra_Natural	Themeda_triandra_Canberra	Natural_Mount_Pleasant	515f/806r	Allison_Plate 2_Run3	Fwd_13	FWD13	REV24	Rev_24
S232_NSW1092647_FWD14	FALSE	FALSE	Themeda_triandra	Mount_Pleasant	Canberra	Natural	Themeda_triandra_Natural	Themeda_triandra_Canberra	Natural_Mount_Pleasant	515f/806r	Allison_Plate 2_Run3	Fwd_14	FWD14	REV13	Rev_13
S233_NSW1092837_FWD14	FALSE	FALSE	Themeda_triandra	Mount_Pleasant	Canberra	Natural	Themeda_triandra_Natural	Themeda_triandra_Canberra	Natural_Mount_Pleasant	515f/806r	Allison_Plate 2_Run3	Fwd_14	FWD14	REV14	Rev_14
S234_NSW1092796_FWD14	FALSE	FALSE	Themeda_triandra	Mount_Pleasant	Canberra	Natural	Themeda_triandra_Natural	Themeda_triandra_Canberra	Natural_Mount_Pleasant	515f/806r	Allison_Plate 2_Run3	Fwd_14	FWD14	REV15	Rev_15
S235_NSW1092786_FWD14	FALSE	FALSE	Themeda_triandra	Mount_Pleasant	Canberra	Natural	Themeda_triandra_Natural	Themeda_triandra_Canberra	Natural_Mount_Pleasant	515f/806r	Allison_Plate 2_Run3	Fwd_14	FWD14	REV16	Rev_16
S24_NSW1092849_FWD19	FALSE	FALSE	Microlaena_stipoides	Noorumba_Reserve_Rosemeadow	Sydney	Natural	Microlaena_stipoides_Restored	Microlaena_stipoides_Sydney	Natural_Noorumba_Reserve_Rosemeadow	515f/806r	Allison_Plate_4_Run2	Fwd_19	FWD19	REV19	Rev_19
S264_NSW1079774_FWD16	FALSE	FALSE	Melaleuca_quinquenervia	Limeburners_Creek_National_Park	North_Coast	Natural	Melaleuca_quinquenervia_Natural	Melaleuca_quinquenervia_North_Coast	Natural_Limeburners_Creek_National_Park	515f/806r	Allison_Plate 2_Run3	Fwd_16	FWD16	REV21	Rev_21
S265_NSW1079746_FWD16	FALSE	FALSE	Melaleuca_quinquenervia	Limeburners_Creek_National_Park	North_Coast	Natural	Melaleuca_quinquenervia_Natural	Melaleuca_quinquenervia_North_Coast	Natural_Limeburners_Creek_National_Park	515f/806r	Allison_Plate 2_Run3	Fwd_16	FWD16	REV22	Rev_22
S266_NSW1079799_FWD17	FALSE	FALSE	Melaleuca_quinquenervia	Limeburners_Creek_National_Park	North_Coast	Natural	Melaleuca_quinquenervia_Natural	Melaleuca_quinquenervia_North_Coast	Natural_Limeburners_Creek_National_Park	515f/806r	Allison_Plate 3_Run3	Fwd_17	FWD17	REV01	Rev_01
S267_NSW1079761_FWD17	FALSE	FALSE	Melaleuca_quinquenervia	Limeburners_Creek_National_Park	North_Coast	Natural	Melaleuca_quinquenervia_Natural	Melaleuca_quinquenervia_North_Coast	Natural_Limeburners_Creek_National_Park	515f/806r	Allison_Plate 3_Run3	Fwd_17	FWD17	REV02	Rev_02
S268_NSW1079767_FWD17	FALSE	FALSE	Melaleuca_quinquenervia	Limeburners_Creek_National_Park	North_Coast	Natural	Melaleuca_quinquenervia_Natural	Melaleuca_quinquenervia_North_Coast	Natural_Limeburners_Creek_National_Park	515f/806r	Allison_Plate 3_Run3	Fwd_17	FWD17	REV03	Rev_03
S269_NSW1079762_FWD17	FALSE	FALSE	Melaleuca_quinquenervia	Limeburners_Creek_National_Park	North_Coast	Natural	Melaleuca_quinquenervia_Natural	Melaleuca_quinquenervia_North_Coast	Natural_Limeburners_Creek_National_Park	515f/806r	Allison_Plate 3_Run3	Fwd_17	FWD17	REV04	Rev_04
S27_NSW1092587_FWD19	FALSE	FALSE	Themeda_triandra	Meroo_NP_Romney_Park_Road	South_Coast	Natural	Themeda_triandra_Natural	Themeda_triandra_South_Coast	Natural_Meroo_NP_Romney_Park_Road	515f/806r	Allison_Plate_4_Run2	Fwd_19	FWD19	REV22	Rev_22
S270_NSW1079741_FWD17	FALSE	FALSE	Melaleuca_quinquenervia	Limeburners_Creek_National_Park	North_Coast	Natural	Melaleuca_quinquenervia_Natural	Melaleuca_quinquenervia_North_Coast	Natural_Limeburners_Creek_National_Park	515f/806r	Allison_Plate 3_Run3	Fwd_17	FWD17	REV05	Rev_05
S271_NSW1079765_FWD17	FALSE	FALSE	Melaleuca_quinquenervia	Limeburners_Creek_National_Park	North_Coast	Natural	Melaleuca_quinquenervia_Natural	Melaleuca_quinquenervia_North_Coast	Natural_Limeburners_Creek_National_Park	515f/806r	Allison_Plate 3_Run3	Fwd_17	FWD17	REV06	Rev_06
S276_NSW1079738_FWD17	FALSE	FALSE	Melaleuca_quinquenervia	Crowdy_Bay_National_Park	North_Coast	Natural	Melaleuca_quinquenervia_Natural	Melaleuca_quinquenervia_North_Coast	Natural_Crowdy_Bay_National_Park	515f/806r	Allison_Plate 3_Run3	Fwd_17	FWD17	REV11	Rev_11
S277_NSW1079743_FWD17	FALSE	FALSE	Melaleuca_quinquenervia	Crowdy_Bay_National_Park	North_Coast	Natural	Melaleuca_quinquenervia_Natural	Melaleuca_quinquenervia_North_Coast	Natural_Crowdy_Bay_National_Park	515f/806r	Allison_Plate 3_Run3	Fwd_17	FWD17	REV12	Rev_12
S28_NSW1092616_FWD19	FALSE	FALSE	Themeda_triandra	Jervis_Bay_NP_Parnell_Road	South_Coast	Natural	Themeda_triandra_Natural	Themeda_triandra_South_Coast	Natural_Jervis_Bay_NP_Parnell_Road	515f/806r	Allison_Plate_4_Run2	Fwd_19	FWD19	REV23	Rev_23
S283_NSW1079702_FWD18	FALSE	FALSE	Melaleuca_quinquenervia	Colongra_Swamp_NR	North_Coast	Natural	Melaleuca_quinquenervia_Natural	Melaleuca_quinquenervia_North_Coast	Natural_Colongra_Swamp_NR	515f/806r	Allison_Plate 3_Run3	Fwd_18	FWD18	REV06	Rev_06
S284_NSW1074429_FWD23	FALSE	FALSE	Melaleuca_quinquenervia	Colongra_Swamp_NR	North_Coast	Natural	Melaleuca_quinquenervia_Natural	Melaleuca_quinquenervia_North_Coast	Natural_Colongra_Swamp_NR	515f/806r	Allison_Plate_4_Run2	Fwd_23	FWD23	REV18	Rev_18
S285_NSW1074428_FWD23	FALSE	FALSE	Melaleuca_quinquenervia	Colongra_Swamp_NR	North_Coast	Natural	Melaleuca_quinquenervia_Natural	Melaleuca_quinquenervia_North_Coast	Natural_Colongra_Swamp_NR	515f/806r	Allison_Plate_4_Run2	Fwd_23	FWD23	REV19	Rev_19
S286_NSW1079654_FWD23	FALSE	FALSE	Melaleuca_quinquenervia	Colongra_Swamp_NR	North_Coast	Natural	Melaleuca_quinquenervia_Natural	Melaleuca_quinquenervia_North_Coast	Natural_Colongra_Swamp_NR	515f/806r	Allison_Plate_4_Run2	Fwd_23	FWD23	REV20	Rev_20
S287_NSW1079675_FWD23	FALSE	FALSE	Melaleuca_quinquenervia	Colongra_Swamp_NR	North_Coast	Natural	Melaleuca_quinquenervia_Natural	Melaleuca_quinquenervia_North_Coast	Natural_Colongra_Swamp_NR	515f/806r	Allison_Plate_4_Run2	Fwd_23	FWD23	REV21	Rev_21
S288_NSW1074458_FWD23	FALSE	FALSE	Melaleuca_quinquenervia	Colongra_Swamp_NR	North_Coast	Natural	Melaleuca_quinquenervia_Natural	Melaleuca_quinquenervia_North_Coast	Natural_Colongra_Swamp_NR	515f/806r	Allison_Plate_4_Run2	Fwd_23	FWD23	REV22	Rev_22
S289_NSW1074423_FWD23	FALSE	FALSE	Melaleuca_quinquenervia	Colongra_Swamp_NR	North_Coast	Natural	Melaleuca_quinquenervia_Natural	Melaleuca_quinquenervia_North_Coast	Natural_Colongra_Swamp_NR	515f/806r	Allison_Plate_4_Run2	Fwd_23	FWD23	REV23	Rev_23
S29_NSW1092896_FWD19	FALSE	FALSE	Themeda_triandra	Short_Point_Reserve_Merimbula	South_Coast	Restored	Themeda_triandra_Restored	Themeda_triandra_South_Coast	Restored_Short_Point_Reserve_Merimbula	515f/806r	Allison_Plate_4_Run2	Fwd_19	FWD19	REV24	Rev_24
S291_NSW1079814_FWD24	FALSE	FALSE	Melaleuca_quinquenervia	Lake_Innes_NR	North_Coast	Natural	Melaleuca_quinquenervia_Natural	Melaleuca_quinquenervia_North_Coast	Natural_Lake_Innes_NR	515f/806r	Allison_Plate_4_Run2	Fwd_24	FWD24	REV13	Rev_13
S292_NSW1079784_FWD18	FALSE	FALSE	Melaleuca_quinquenervia	Lake_Innes_NR	North_Coast	Natural	Melaleuca_quinquenervia_Natural	Melaleuca_quinquenervia_North_Coast	Natural_Lake_Innes_NR	515f/806r	Allison_Plate 3_Run3	Fwd_18	FWD18	REV07	Rev_07
S293_NSW1079819_FWD18	FALSE	FALSE	Melaleuca_quinquenervia	Lake_Innes_NR	North_Coast	Natural	Melaleuca_quinquenervia_Natural	Melaleuca_quinquenervia_North_Coast	Natural_Lake_Innes_NR	515f/806r	Allison_Plate 3_Run3	Fwd_18	FWD18	REV08	Rev_08
S294_NSW1079745_FWD18	FALSE	FALSE	Melaleuca_quinquenervia	Lake_Innes_NR	North_Coast	Natural	Melaleuca_quinquenervia_Natural	Melaleuca_quinquenervia_North_Coast	Natural_Lake_Innes_NR	515f/806r	Allison_Plate 3_Run3	Fwd_18	FWD18	REV09	Rev_09
S295_NSW1079794_FWD18	FALSE	FALSE	Melaleuca_quinquenervia	Lake_Innes_NR	North_Coast	Natural	Melaleuca_quinquenervia_Natural	Melaleuca_quinquenervia_North_Coast	Natural_Lake_Innes_NR	515f/806r	Allison_Plate 3_Run3	Fwd_18	FWD18	REV10	Rev_10
S296_NSW1079789_FWD18	FALSE	FALSE	Melaleuca_quinquenervia	Lake_Innes_NR	North_Coast	Natural	Melaleuca_quinquenervia_Natural	Melaleuca_quinquenervia_North_Coast	Natural_Lake_Innes_NR	515f/806r	Allison_Plate 3_Run3	Fwd_18	FWD18	REV11	Rev_11
S297_NSW1079755_FWD18	FALSE	FALSE	Melaleuca_quinquenervia	Lake_Innes_NR	North_Coast	Natural	Melaleuca_quinquenervia_Natural	Melaleuca_quinquenervia_North_Coast	Natural_Lake_Innes_NR	515f/806r	Allison_Plate 3_Run3	Fwd_18	FWD18	REV12	Rev_12
S298_NSW1079750_FWD19	FALSE	FALSE	Melaleuca_quinquenervia	Lake_Innes_NR	North_Coast	Natural	Melaleuca_quinquenervia_Natural	Melaleuca_quinquenervia_North_Coast	Natural_Lake_Innes_NR	515f/806r	Allison_Plate 3_Run3	Fwd_19	FWD19	REV01	Rev_01
S299_NSW1079723_FWD19	FALSE	FALSE	Melaleuca_quinquenervia	Tomaree_NP	North_Coast	Natural	Melaleuca_quinquenervia_Natural	Melaleuca_quinquenervia_North_Coast	Natural_Tomaree_NP	515f/806r	Allison_Plate 3_Run3	Fwd_19	FWD19	REV02	Rev_02
S300_NSW1079708_FWD24	FALSE	FALSE	Melaleuca_quinquenervia	Tomaree_NP	North_Coast	Natural	Melaleuca_quinquenervia_Natural	Melaleuca_quinquenervia_North_Coast	Natural_Tomaree_NP	515f/806r	Allison_Plate_4_Run2	Fwd_24	FWD24	REV14	Rev_14
S301_NSW1079713_FWD24	FALSE	FALSE	Melaleuca_quinquenervia	Tomaree_NP	North_Coast	Natural	Melaleuca_quinquenervia_Natural	Melaleuca_quinquenervia_North_Coast	Natural_Tomaree_NP	515f/806r	Allison_Plate_4_Run2	Fwd_24	FWD24	REV15	Rev_15
S302_NSW1079692_FWD24	FALSE	FALSE	Melaleuca_quinquenervia	Tomaree_NP	North_Coast	Natural	Melaleuca_quinquenervia_Natural	Melaleuca_quinquenervia_North_Coast	Natural_Tomaree_NP	515f/806r	Allison_Plate_4_Run2	Fwd_24	FWD24	REV16	Rev_16
S303_NSW1079703_FWD24	FALSE	FALSE	Melaleuca_quinquenervia	Tomaree_NP	North_Coast	Natural	Melaleuca_quinquenervia_Natural	Melaleuca_quinquenervia_North_Coast	Natural_Tomaree_NP	515f/806r	Allison_Plate_4_Run2	Fwd_24	FWD24	REV17	Rev_17
S305_NSW1079718_FWD24	FALSE	FALSE	Melaleuca_quinquenervia	Tomaree_NP	North_Coast	Natural	Melaleuca_quinquenervia_Natural	Melaleuca_quinquenervia_North_Coast	Natural_Tomaree_NP	515f/806r	Allison_Plate_4_Run2	Fwd_24	FWD24	REV19	Rev_19
S306_NSW1079658_FWD24	FALSE	FALSE	Melaleuca_quinquenervia	Tomaree_NP	North_Coast	Natural	Melaleuca_quinquenervia_Natural	Melaleuca_quinquenervia_North_Coast	Natural_Tomaree_NP	515f/806r	Allison_Plate_4_Run2	Fwd_24	FWD24	REV20	Rev_20
S308_NSW1079697_FWD19	FALSE	FALSE	Melaleuca_quinquenervia	Tomaree_NP	North_Coast	Natural	Melaleuca_quinquenervia_Natural	Melaleuca_quinquenervia_North_Coast	Natural_Tomaree_NP	515f/806r	Allison_Plate 3_Run3	Fwd_19	FWD19	REV03	Rev_03
S315_NSW1079788_FWD19	FALSE	FALSE	Melaleuca_quinquenervia	Hat_Head_National_Park	North_Coast	Natural	Melaleuca_quinquenervia_Natural	Melaleuca_quinquenervia_North_Coast	Natural_Hat_Head_National_Park	515f/806r	Allison_Plate 3_Run3	Fwd_19	FWD19	REV10	Rev_10
S316_NSW1079793_FWD19	FALSE	FALSE	Melaleuca_quinquenervia	Hat_Head_National_Park	North_Coast	Natural	Melaleuca_quinquenervia_Natural	Melaleuca_quinquenervia_North_Coast	Natural_Hat_Head_National_Park	515f/806r	Allison_Plate 3_Run3	Fwd_19	FWD19	REV11	Rev_11
S317_NSW1079783_FWD19	FALSE	FALSE	Melaleuca_quinquenervia	Hat_Head_National_Park	North_Coast	Natural	Melaleuca_quinquenervia_Natural	Melaleuca_quinquenervia_North_Coast	Natural_Hat_Head_National_Park	515f/806r	Allison_Plate 3_Run3	Fwd_19	FWD19	REV12	Rev_12
S318_NSW1079813_FWD20	FALSE	FALSE	Melaleuca_quinquenervia	Hat_Head_National_Park	North_Coast	Natural	Melaleuca_quinquenervia_Natural	Melaleuca_quinquenervia_North_Coast	Natural_Hat_Head_National_Park	515f/806r	Allison_Plate 3_Run3	Fwd_20	FWD20	REV01	Rev_01
S319_NSW1079808_FWD20	FALSE	FALSE	Melaleuca_quinquenervia	Hat_Head_National_Park	North_Coast	Natural	Melaleuca_quinquenervia_Natural	Melaleuca_quinquenervia_North_Coast	Natural_Hat_Head_National_Park	515f/806r	Allison_Plate 3_Run3	Fwd_20	FWD20	REV02	Rev_02
S320_NSW1079747_FWD20	FALSE	FALSE	Melaleuca_quinquenervia	Hat_Head_National_Park	North_Coast	Natural	Melaleuca_quinquenervia_Natural	Melaleuca_quinquenervia_North_Coast	Natural_Hat_Head_National_Park	515f/806r	Allison_Plate 3_Run3	Fwd_20	FWD20	REV03	Rev_03
S321_NSW1093091_FWD20	FALSE	FALSE	Melaleuca_quinquenervia	Mambo_Wetlands	North_Coast	Restored	Melaleuca_quinquenervia_Restored	Melaleuca_quinquenervia_North_Coast	Restored_Mambo_Wetlands	515f/806r	Allison_Plate 3_Run3	Fwd_20	FWD20	REV06	Rev_06
S322_NSW1093019_FWD20	FALSE	FALSE	Melaleuca_quinquenervia	Novocastrian_Reserve	North_Coast	Restored	Melaleuca_quinquenervia_Restored	Melaleuca_quinquenervia_North_Coast	Restored_Novocastrian_Reserve	515f/806r	Allison_Plate 3_Run3	Fwd_20	FWD20	REV07	Rev_07
S323_NSW1092986_FWD20	FALSE	FALSE	Melaleuca_quinquenervia	Soldiers_Point_Park	North_Coast	Restored	Melaleuca_quinquenervia_Restored	Melaleuca_quinquenervia_North_Coast	Restored_Soldiers_Point_Park	515f/806r	Allison_Plate 3_Run3	Fwd_20	FWD20	REV08	Rev_08
S324_NSW1093014_FWD20	FALSE	FALSE	Melaleuca_quinquenervia	Novocastrian_Reserve	North_Coast	Restored	Melaleuca_quinquenervia_Restored	Melaleuca_quinquenervia_North_Coast	Restored_Novocastrian_Reserve	515f/806r	Allison_Plate 3_Run3	Fwd_20	FWD20	REV09	Rev_09
S325_NSW1093096_FWD20	FALSE	FALSE	Melaleuca_quinquenervia	Mambo_Wetlands	North_Coast	Restored	Melaleuca_quinquenervia_Restored	Melaleuca_quinquenervia_North_Coast	Restored_Mambo_Wetlands	515f/806r	Allison_Plate 3_Run3	Fwd_20	FWD20	REV10	Rev_10
S326_NSW1092981_FWD20	FALSE	FALSE	Melaleuca_quinquenervia	Soldiers_Point_Park	North_Coast	Restored	Melaleuca_quinquenervia_Restored	Melaleuca_quinquenervia_North_Coast	Restored_Soldiers_Point_Park	515f/806r	Allison_Plate 3_Run3	Fwd_20	FWD20	REV11	Rev_11
S327_NSW1092968_FWD20	FALSE	FALSE	Melaleuca_quinquenervia	Novocastrian_Reserve	North_Coast	Restored	Melaleuca_quinquenervia_Restored	Melaleuca_quinquenervia_North_Coast	Restored_Novocastrian_Reserve	515f/806r	Allison_Plate 3_Run3	Fwd_20	FWD20	REV12	Rev_12
S328_NSW1092999_FWD21	FALSE	FALSE	Melaleuca_quinquenervia	Novocastrian_Reserve	North_Coast	Restored	Melaleuca_quinquenervia_Restored	Melaleuca_quinquenervia_North_Coast	Restored_Novocastrian_Reserve	515f/806r	Allison_Plate 3_Run3	Fwd_21	FWD21	REV01	Rev_01
S329_NSW1092843_FWD21	FALSE	FALSE	Melaleuca_quinquenervia	Burrawang_Reserve_Woy_Woy	North_Coast	Restored	Melaleuca_quinquenervia_Restored	Melaleuca_quinquenervia_North_Coast	Restored_Burrawang_Reserve_Woy_Woy	515f/806r	Allison_Plate 3_Run3	Fwd_21	FWD21	REV02	Rev_02
S330_NSW1092977_FWD21	FALSE	FALSE	Melaleuca_quinquenervia	Budgewoi_Dune_Care	North_Coast	Restored	Melaleuca_quinquenervia_Restored	Melaleuca_quinquenervia_North_Coast	Restored_Budgewoi_Dune_Care	515f/806r	Allison_Plate 3_Run3	Fwd_21	FWD21	REV03	Rev_03
S331_NSW1093004_FWD21	FALSE	FALSE	Melaleuca_quinquenervia	Novocastrian_Reserve	North_Coast	Restored	Melaleuca_quinquenervia_Restored	Melaleuca_quinquenervia_North_Coast	Restored_Novocastrian_Reserve	515f/806r	Allison_Plate 3_Run3	Fwd_21	FWD21	REV04	Rev_04
S332_NSW1093846_FWD21	FALSE	FALSE	Melaleuca_quinquenervia	Burrawang_Reserve_Woy_Woy	North_Coast	Restored	Melaleuca_quinquenervia_Restored	Melaleuca_quinquenervia_North_Coast	Restored_Burrawang_Reserve_Woy_Woy	515f/806r	Allison_Plate 3_Run3	Fwd_21	FWD21	REV05	Rev_05
S333_NSW1092994_FWD21	FALSE	FALSE	Melaleuca_quinquenervia	Novocastrian_Reserve	North_Coast	Restored	Melaleuca_quinquenervia_Restored	Melaleuca_quinquenervia_North_Coast	Restored_Novocastrian_Reserve	515f/806r	Allison_Plate 3_Run3	Fwd_21	FWD21	REV06	Rev_06
S335_NSW1093066_FWD21	FALSE	FALSE	Melaleuca_quinquenervia	Mambo_Wetlands	North_Coast	Restored	Melaleuca_quinquenervia_Restored	Melaleuca_quinquenervia_North_Coast	Restored_Mambo_Wetlands	515f/806r	Allison_Plate 3_Run3	Fwd_21	FWD21	REV08	Rev_08
S336_NSW1092853_FWD21	FALSE	FALSE	Melaleuca_quinquenervia	Burrawang_Reserve_Woy_Woy	North_Coast	Restored	Melaleuca_quinquenervia_Restored	Melaleuca_quinquenervia_North_Coast	Restored_Burrawang_Reserve_Woy_Woy	515f/806r	Allison_Plate 3_Run3	Fwd_21	FWD21	REV09	Rev_09
S337_NSW1093095_FWD21	FALSE	FALSE	Melaleuca_quinquenervia	Soldiers_Point_Park	North_Coast	Restored	Melaleuca_quinquenervia_Restored	Melaleuca_quinquenervia_North_Coast	Restored_Soldiers_Point_Park	515f/806r	Allison_Plate 3_Run3	Fwd_21	FWD21	REV10	Rev_10
S338_NSW1093081_FWD21	FALSE	FALSE	Melaleuca_quinquenervia	Mambo_Wetlands	North_Coast	Restored	Melaleuca_quinquenervia_Restored	Melaleuca_quinquenervia_North_Coast	Restored_Mambo_Wetlands	515f/806r	Allison_Plate 3_Run3	Fwd_21	FWD21	REV11	Rev_11
S339_NSW1093076_FWD21	FALSE	FALSE	Melaleuca_quinquenervia	Mambo_Wetlands	North_Coast	Restored	Melaleuca_quinquenervia_Restored	Melaleuca_quinquenervia_North_Coast	Restored_Mambo_Wetlands	515f/806r	Allison_Plate 3_Run3	Fwd_21	FWD21	REV12	Rev_12
S340_NSW1092976_FWD22	FALSE	FALSE	Melaleuca_quinquenervia	Soldiers_Point_Park	North_Coast	Restored	Melaleuca_quinquenervia_Restored	Melaleuca_quinquenervia_North_Coast	Restored_Soldiers_Point_Park	515f/806r	Allison_Plate 3_Run3	Fwd_22	FWD22	REV01	Rev_01
S341_NSW1093061_FWD22	FALSE	FALSE	Melaleuca_quinquenervia	Mambo_Wetlands	North_Coast	Restored	Melaleuca_quinquenervia_Restored	Melaleuca_quinquenervia_North_Coast	Restored_Mambo_Wetlands	515f/806r	Allison_Plate 3_Run3	Fwd_22	FWD22	REV02	Rev_02
S342_NSW1093003_FWD22	FALSE	FALSE	Melaleuca_quinquenervia	Mambo_Wetlands	North_Coast	Restored	Melaleuca_quinquenervia_Restored	Melaleuca_quinquenervia_North_Coast	Restored_Mambo_Wetlands	515f/806r	Allison_Plate 3_Run3	Fwd_22	FWD22	REV03	Rev_03
S343_NSW1092992_FWD22	FALSE	FALSE	Melaleuca_quinquenervia	Budgewoi_Dune_Care	North_Coast	Restored	Melaleuca_quinquenervia_Restored	Melaleuca_quinquenervia_North_Coast	Restored_Budgewoi_Dune_Care	515f/806r	Allison_Plate 3_Run3	Fwd_22	FWD22	REV04	Rev_04
S344_NSW1093071_FWD22	FALSE	FALSE	Melaleuca_quinquenervia	Mambo_Wetlands	North_Coast	Restored	Melaleuca_quinquenervia_Restored	Melaleuca_quinquenervia_North_Coast	Restored_Mambo_Wetlands	515f/806r	Allison_Plate 3_Run3	Fwd_22	FWD22	REV05	Rev_05
S345_NSW1092948_FWD22	FALSE	FALSE	Melaleuca_quinquenervia	Burrawang_Reserve_Woy_Woy	North_Coast	Restored	Melaleuca_quinquenervia_Restored	Melaleuca_quinquenervia_North_Coast	Restored_Burrawang_Reserve_Woy_Woy	515f/806r	Allison_Plate 3_Run3	Fwd_22	FWD22	REV06	Rev_06
S346_NSW1092971_FWD22	FALSE	FALSE	Melaleuca_quinquenervia	Soldiers_Point_Park	North_Coast	Restored	Melaleuca_quinquenervia_Restored	Melaleuca_quinquenervia_North_Coast	Restored_Soldiers_Point_Park	515f/806r	Allison_Plate 3_Run3	Fwd_22	FWD22	REV07	Rev_07
S347_NSW1092989_FWD22	FALSE	FALSE	Melaleuca_quinquenervia	Novocastrian_Reserve	North_Coast	Restored	Melaleuca_quinquenervia_Restored	Melaleuca_quinquenervia_North_Coast	Restored_Novocastrian_Reserve	515f/806r	Allison_Plate 3_Run3	Fwd_22	FWD22	REV08	Rev_08
S348_NSW1093054_FWD22	FALSE	FALSE	Melaleuca_quinquenervia	Budgewoi_Dune_Care	North_Coast	Restored	Melaleuca_quinquenervia_Restored	Melaleuca_quinquenervia_North_Coast	Restored_Budgewoi_Dune_Care	515f/806r	Allison_Plate 3_Run3	Fwd_22	FWD22	REV09	Rev_09
S350_NSW1092982_FWD22	FALSE	FALSE	Melaleuca_quinquenervia	Budgewoi_Dune_Care	North_Coast	Restored	Melaleuca_quinquenervia_Restored	Melaleuca_quinquenervia_North_Coast	Restored_Budgewoi_Dune_Care	515f/806r	Allison_Plate 3_Run3	Fwd_22	FWD22	REV11	Rev_11
S351_NSW1092963_FWD22	FALSE	FALSE	Melaleuca_quinquenervia	Novocastrian_Reserve	North_Coast	Restored	Melaleuca_quinquenervia_Restored	Melaleuca_quinquenervia_North_Coast	Restored_Novocastrian_Reserve	515f/806r	Allison_Plate 3_Run3	Fwd_22	FWD22	REV12	Rev_12
S352_NSW1092858_FWD23	FALSE	FALSE	Melaleuca_quinquenervia	Burrawang_Reserve_Woy_Woy	North_Coast	Restored	Melaleuca_quinquenervia_Restored	Melaleuca_quinquenervia_North_Coast	Restored_Burrawang_Reserve_Woy_Woy	515f/806r	Allison_Plate 3_Run3	Fwd_23	FWD23	REV01	Rev_01
S353_NSW1093009_FWD23	FALSE	FALSE	Melaleuca_quinquenervia	Novocastrian_Reserve	North_Coast	Restored	Melaleuca_quinquenervia_Restored	Melaleuca_quinquenervia_North_Coast	Restored_Novocastrian_Reserve	515f/806r	Allison_Plate 3_Run3	Fwd_23	FWD23	REV02	Rev_02
S354_NSW1092967_FWD23	FALSE	FALSE	Melaleuca_quinquenervia	Budgewoi_Dune_Care	North_Coast	Restored	Melaleuca_quinquenervia_Restored	Melaleuca_quinquenervia_North_Coast	Restored_Budgewoi_Dune_Care	515f/806r	Allison_Plate 3_Run3	Fwd_23	FWD23	REV03	Rev_03
S355_NSW1092997_FWD23	FALSE	FALSE	Melaleuca_quinquenervia	Budgewoi_Dune_Care	North_Coast	Restored	Melaleuca_quinquenervia_Restored	Melaleuca_quinquenervia_North_Coast	Restored_Budgewoi_Dune_Care	515f/806r	Allison_Plate 3_Run3	Fwd_23	FWD23	REV04	Rev_04
S356_NSW1092987_FWD23	FALSE	FALSE	Melaleuca_quinquenervia	Budgewoi_Dune_Care	North_Coast	Restored	Melaleuca_quinquenervia_Restored	Melaleuca_quinquenervia_North_Coast	Restored_Budgewoi_Dune_Care	515f/806r	Allison_Plate 3_Run3	Fwd_23	FWD23	REV05	Rev_05
S357_NSW1092949_FWD23	FALSE	FALSE	Melaleuca_quinquenervia	Burrawang_Reserve_Woy_Woy	North_Coast	Restored	Melaleuca_quinquenervia_Restored	Melaleuca_quinquenervia_North_Coast	Restored_Burrawang_Reserve_Woy_Woy	515f/806r	Allison_Plate 3_Run3	Fwd_23	FWD23	REV06	Rev_06
S358_NSW1092950_FWD23	FALSE	FALSE	Melaleuca_quinquenervia	Budgewoi_Dune_Care	North_Coast	Restored	Melaleuca_quinquenervia_Restored	Melaleuca_quinquenervia_North_Coast	Restored_Budgewoi_Dune_Care	515f/806r	Allison_Plate 3_Run3	Fwd_23	FWD23	REV07	Rev_07
S359_NSW1092962_FWD23	FALSE	FALSE	Melaleuca_quinquenervia	Budgewoi_Dune_Care	North_Coast	Restored	Melaleuca_quinquenervia_Restored	Melaleuca_quinquenervia_North_Coast	Restored_Budgewoi_Dune_Care	515f/806r	Allison_Plate 3_Run3	Fwd_23	FWD23	REV08	Rev_08
S360_NSW1092972_FWD23	FALSE	FALSE	Melaleuca_quinquenervia	Budgewoi_Dune_Care	North_Coast	Restored	Melaleuca_quinquenervia_Restored	Melaleuca_quinquenervia_North_Coast	Restored_Budgewoi_Dune_Care	515f/806r	Allison_Plate 3_Run3	Fwd_23	FWD23	REV09	Rev_09
S361_NSW1092863_FWD23	FALSE	FALSE	Melaleuca_quinquenervia	Burrawang_Reserve_Woy_Woy	North_Coast	Restored	Melaleuca_quinquenervia_Restored	Melaleuca_quinquenervia_North_Coast	Restored_Burrawang_Reserve_Woy_Woy	515f/806r	Allison_Plate 3_Run3	Fwd_23	FWD23	REV10	Rev_10
S362_NSW1093120_FWD23	FALSE	FALSE	Melaleuca_quinquenervia	Soldiers_Point_Park	North_Coast	Restored	Melaleuca_quinquenervia_Restored	Melaleuca_quinquenervia_North_Coast	Restored_Soldiers_Point_Park	515f/806r	Allison_Plate 3_Run3	Fwd_23	FWD23	REV11	Rev_11
S363_NSW1092991_FWD23	FALSE	FALSE	Melaleuca_quinquenervia	Soldiers_Point_Park	North_Coast	Restored	Melaleuca_quinquenervia_Restored	Melaleuca_quinquenervia_North_Coast	Restored_Soldiers_Point_Park	515f/806r	Allison_Plate 3_Run3	Fwd_23	FWD23	REV12	Rev_12
S365_NSW1093100_FWD24	FALSE	FALSE	Melaleuca_quinquenervia	Soldiers_Point_Park	North_Coast	Restored	Melaleuca_quinquenervia_Restored	Melaleuca_quinquenervia_North_Coast	Restored_Soldiers_Point_Park	515f/806r	Allison_Plate 3_Run3	Fwd_24	FWD24	REV02	Rev_02
S366_NSW1093016_FWD24	FALSE	FALSE	Melaleuca_quinquenervia	Soldiers_Point_Park	North_Coast	Restored	Melaleuca_quinquenervia_Restored	Melaleuca_quinquenervia_North_Coast	Restored_Soldiers_Point_Park	515f/806r	Allison_Plate 3_Run3	Fwd_24	FWD24	REV03	Rev_03
S367_NSW1092811_FWD24	FALSE	FALSE	Melaleuca_quinquenervia	Burrawang_Reserve_Woy_Woy	North_Coast	Restored	Melaleuca_quinquenervia_Restored	Melaleuca_quinquenervia_North_Coast	Restored_Burrawang_Reserve_Woy_Woy	515f/806r	Allison_Plate 3_Run3	Fwd_24	FWD24	REV04	Rev_04
S368_NSW1079721_FWD24	FALSE	FALSE	Melaleuca_quinquenervia	Crowdy_Bay_National_Park	North_Coast	Natural	Melaleuca_quinquenervia_Natural	Melaleuca_quinquenervia_North_Coast	Natural_Crowdy_Bay_National_Park	515f/806r	Allison_Plate 3_Run3	Fwd_24	FWD24	REV05	Rev_05
S369_NSW1079821_FWD24	FALSE	FALSE	Melaleuca_quinquenervia	Crowdy_Bay_National_Park	North_Coast	Natural	Melaleuca_quinquenervia_Natural	Melaleuca_quinquenervia_North_Coast	Natural_Crowdy_Bay_National_Park	515f/806r	Allison_Plate 3_Run3	Fwd_24	FWD24	REV06	Rev_06
S370_NSW1079798_FWD24	FALSE	FALSE	Melaleuca_quinquenervia	Hat_Head_National_Park	North_Coast	Natural	Melaleuca_quinquenervia_Natural	Melaleuca_quinquenervia_North_Coast	Natural_Hat_Head_National_Park	515f/806r	Allison_Plate 3_Run3	Fwd_24	FWD24	REV07	Rev_07
S371_NSW1079707_FWD24	FALSE	FALSE	Melaleuca_quinquenervia	Colongra_Swamp_NR	North_Coast	Natural	Melaleuca_quinquenervia_Natural	Melaleuca_quinquenervia_North_Coast	Natural_Colongra_Swamp_NR	515f/806r	Allison_Plate 3_Run3	Fwd_24	FWD24	REV08	Rev_08
S397_16S	FALSE	FALSE	Microlaena_stipoides	Leacock Nature Reserve	Western Sydney Region	Restored	Microlaena_stipoides_Restored	Microlaena_stipoides_Sydney	Restored_Leacock Nature Reserve	515f/806r	Allison_Plate2_Run4	Fwd_13	FWD13	REV08	Rev_08
S398_16S	FALSE	FALSE	Microlaena_stipoides	Leacock Nature Reserve	Western Sydney Region	Restored	Microlaena_stipoides_Restored	Microlaena_stipoides_Sydney	Restored_Leacock Nature Reserve	515f/806r	Allison_Plate2_Run4	Fwd_14	FWD14	REV09	Rev_09
S399_16S	FALSE	FALSE	Microlaena_stipoides	Leacock Nature Reserve	Western Sydney Region	Restored	Microlaena_stipoides_Restored	Microlaena_stipoides_Sydney	Restored_Leacock Nature Reserve	515f/806r	Allison_Plate2_Run4	Fwd_15	FWD15	REV10	Rev_10
S40_NSW1092822_FWD20	FALSE	FALSE	Themeda_triandra	Mount_Pleasant	Canberra	Natural	Themeda_triandra_Natural	Themeda_triandra_Canberra	Natural_Mount_Pleasant	515f/806r	Allison_Plate_4_Run2	Fwd_20	FWD20	REV18	Rev_18
S400_16S	FALSE	FALSE	Microlaena_stipoides	Leacock Nature Reserve	Western Sydney Region	Restored	Microlaena_stipoides_Restored	Microlaena_stipoides_Sydney	Restored_Leacock Nature Reserve	515f/806r	Allison_Plate2_Run4	Fwd_16	FWD16	REV11	Rev_11
S401_16S	FALSE	FALSE	Microlaena_stipoides	Leacock Nature Reserve	Western Sydney Region	Restored	Microlaena_stipoides_Restored	Microlaena_stipoides_Sydney	Restored_Leacock Nature Reserve	515f/806r	Allison_Plate2_Run4	Fwd_17	FWD17	REV12	Rev_12
S402_16S	FALSE	FALSE	Microlaena_stipoides	Leacock Nature Reserve	Western Sydney Region	Restored	Microlaena_stipoides_Restored	Microlaena_stipoides_Sydney	Restored_Leacock Nature Reserve	515f/806r	Allison_Plate2_Run4	Fwd_18	FWD18	REV13	Rev_13
S403_16S	FALSE	FALSE	Microlaena_stipoides	Leacock Nature Reserve	Western Sydney Region	Restored	Microlaena_stipoides_Restored	Microlaena_stipoides_Sydney	Restored_Leacock Nature Reserve	515f/806r	Allison_Plate2_Run4	Fwd_19	FWD19	REV14	Rev_14
S404_16S	FALSE	FALSE	Microlaena_stipoides	Leacock Nature Reserve	Western Sydney Region	Restored	Microlaena_stipoides_Restored	Microlaena_stipoides_Sydney	Restored_Leacock Nature Reserve	515f/806r	Allison_Plate2_Run4	Fwd_20	FWD20	REV15	Rev_15
S405_16S	FALSE	FALSE	Microlaena_stipoides	Garrad_Reserve_Narrawallee	South Coast	Restored	Microlaena_stipoides_Restored	Microlaena_stipoides_South_Coast	Restored_Garrad_Reserve_Narrawallee	515f/806r	Allison_Plate2_Run4	Fwd_21	FWD21	REV16	Rev_16
S406_16S	FALSE	FALSE	Microlaena_stipoides	Garrad_Reserve_Narrawallee	South Coast	Restored	Microlaena_stipoides_Restored	Microlaena_stipoides_South_Coast	Restored_Garrad_Reserve_Narrawallee	515f/806r	Allison_Plate2_Run4	Fwd_22	FWD22	REV17	Rev_17
S407_16S	FALSE	FALSE	Microlaena_stipoides	Garrad_Reserve_Narrawallee	South Coast	Restored	Microlaena_stipoides_Restored	Microlaena_stipoides_South_Coast	Restored_Garrad_Reserve_Narrawallee	515f/806r	Allison_Plate2_Run4	Fwd_23	FWD23	REV18	Rev_18
S408_16S	FALSE	FALSE	Microlaena_stipoides	Garrad_Reserve_Narrawallee	South Coast	Restored	Microlaena_stipoides_Restored	Microlaena_stipoides_South_Coast	Restored_Garrad_Reserve_Narrawallee	515f/806r	Allison_Plate2_Run4	Fwd_24	FWD24	REV19	Rev_19
S409_16S	FALSE	FALSE	Microlaena_stipoides	Garrad_Reserve_Narrawallee	South Coast	Restored	Microlaena_stipoides_Restored	Microlaena_stipoides_South_Coast	Restored_Garrad_Reserve_Narrawallee	515f/806r	Allison_Plate2_Run4	Fwd_25	FWD25	REV20	Rev_20
S410_16S	FALSE	FALSE	Microlaena_stipoides	Garrad_Reserve_Narrawallee	South Coast	Restored	Microlaena_stipoides_Restored	Microlaena_stipoides_South_Coast	Restored_Garrad_Reserve_Narrawallee	515f/806r	Allison_Plate2_Run4	Fwd_26	FWD26	REV21	Rev_21
S411_16S	FALSE	FALSE	Microlaena_stipoides	Garrad_Reserve_Narrawallee	South Coast	Restored	Microlaena_stipoides_Restored	Microlaena_stipoides_South_Coast	Restored_Garrad_Reserve_Narrawallee	515f/806r	Allison_Plate2_Run4	Fwd_27	FWD27	REV22	Rev_22
S412_16S	FALSE	FALSE	Microlaena_stipoides	Garrad_Reserve_Narrawallee	South Coast	Restored	Microlaena_stipoides_Restored	Microlaena_stipoides_South_Coast	Restored_Garrad_Reserve_Narrawallee	515f/806r	Allison_Plate2_Run4	Fwd_28	FWD28	REV23	Rev_23
S413_16S	FALSE	FALSE	Microlaena_stipoides	BlueGum_Point_Yarralumla	Canberra	Restored	Microlaena_stipoides_Restored	Microlaena_stipoides_Canberra	Restored_BlueGum_Point_Yarralumla	515f/806r	Allison_Plate2_Run4	Fwd_29	FWD29	REV24	Rev_24
S414_16S	FALSE	FALSE	Microlaena_stipoides	BlueGum_Point_Yarralumla	Canberra	Restored	Microlaena_stipoides_Restored	Microlaena_stipoides_Canberra	Restored_BlueGum_Point_Yarralumla	515f/806r	Allison_Plate2_Run4	Fwd_30	FWD30	REV25	Rev_25
S415_16S	FALSE	FALSE	Microlaena_stipoides	BlueGum_Point_Yarralumla	Canberra	Restored	Microlaena_stipoides_Restored	Microlaena_stipoides_Canberra	Restored_BlueGum_Point_Yarralumla	515f/806r	Allison_Plate2_Run4	Fwd_31	FWD31	REV26	Rev_26
S416_16S	FALSE	FALSE	Microlaena_stipoides	BlueGum_Point_Yarralumla	Canberra	Restored	Microlaena_stipoides_Restored	Microlaena_stipoides_Canberra	Restored_BlueGum_Point_Yarralumla	515f/806r	Allison_Plate2_Run4	Fwd_32	FWD32	REV27	Rev_27
S417_16S	FALSE	FALSE	Microlaena_stipoides	BlueGum_Point_Yarralumla	Canberra	Restored	Microlaena_stipoides_Restored	Microlaena_stipoides_Canberra	Restored_BlueGum_Point_Yarralumla	515f/806r	Allison_Plate2_Run4	Fwd_33	FWD33	REV28	Rev_28
S418_16S	FALSE	FALSE	Microlaena_stipoides	BlueGum_Point_Yarralumla	Canberra	Restored	Microlaena_stipoides_Restored	Microlaena_stipoides_Canberra	Restored_BlueGum_Point_Yarralumla	515f/806r	Allison_Plate2_Run4	Fwd_34	FWD34	REV29	Rev_29
S419_16S	FALSE	FALSE	Microlaena_stipoides	BlueGum_Point_Yarralumla	Canberra	Restored	Microlaena_stipoides_Restored	Microlaena_stipoides_Canberra	Restored_BlueGum_Point_Yarralumla	515f/806r	Allison_Plate2_Run4	Fwd_35	FWD35	REV30	Rev_30
S420_16S	FALSE	FALSE	Microlaena_stipoides	BlueGum_Point_Yarralumla	Canberra	Restored	Microlaena_stipoides_Restored	Microlaena_stipoides_Canberra	Restored_BlueGum_Point_Yarralumla	515f/806r	Allison_Plate2_Run4	Fwd_36	FWD36	REV31	Rev_31
S421_16S	FALSE	FALSE	Microlaena_stipoides	Burrawang_Reserve_Woy_Woy	North Coast	Restored	Microlaena_stipoides_Restored	Microlaena_stipoides_North_Coast	Restored_Burrawang_Reserve_Woy_Woy	515f/806r	Allison_Plate2_Run4	Fwd_37	FWD37	REV32	Rev_32
S422_16S	FALSE	FALSE	Microlaena_stipoides	Burrawang_Reserve_Woy_Woy	North Coast	Restored	Microlaena_stipoides_Restored	Microlaena_stipoides_North_Coast	Restored_Burrawang_Reserve_Woy_Woy	515f/806r	Allison_Plate2_Run4	Fwd_38	FWD38	REV33	Rev_33
S423_16S	FALSE	FALSE	Microlaena_stipoides	Burrawang_Reserve_Woy_Woy	North Coast	Restored	Microlaena_stipoides_Restored	Microlaena_stipoides_North_Coast	Restored_Burrawang_Reserve_Woy_Woy	515f/806r	Allison_Plate2_Run4	Fwd_39	FWD39	REV34	Rev_34
S424_16S	FALSE	FALSE	Microlaena_stipoides	Burrawang_Reserve_Woy_Woy	North Coast	Restored	Microlaena_stipoides_Restored	Microlaena_stipoides_North_Coast	Restored_Burrawang_Reserve_Woy_Woy	515f/806r	Allison_Plate2_Run4	Fwd_40	FWD40	REV35	Rev_35
S425_16S	FALSE	FALSE	Microlaena_stipoides	Burrawang_Reserve_Woy_Woy	North Coast	Restored	Microlaena_stipoides_Restored	Microlaena_stipoides_North_Coast	Restored_Burrawang_Reserve_Woy_Woy	515f/806r	Allison_Plate2_Run4	Fwd_41	FWD41	REV36	Rev_36
S426_16S	FALSE	FALSE	Microlaena_stipoides	Burrawang_Reserve_Woy_Woy	North Coast	Restored	Microlaena_stipoides_Restored	Microlaena_stipoides_North_Coast	Restored_Burrawang_Reserve_Woy_Woy	515f/806r	Allison_Plate2_Run4	Fwd_42	FWD42	REV37	Rev_37
S427_16S	FALSE	FALSE	Microlaena_stipoides	Burrawang_Reserve_Woy_Woy	North Coast	Restored	Microlaena_stipoides_Restored	Microlaena_stipoides_North_Coast	Restored_Burrawang_Reserve_Woy_Woy	515f/806r	Allison_Plate2_Run4	Fwd_43	FWD43	REV38	Rev_38
S428_16S	FALSE	FALSE	Microlaena_stipoides	Burrawang_Reserve_Woy_Woy	North Coast	Restored	Microlaena_stipoides_Restored	Microlaena_stipoides_North_Coast	Restored_Burrawang_Reserve_Woy_Woy	515f/806r	Allison_Plate2_Run4	Fwd_44	FWD44	REV39	Rev_39
S44_NSW1079717_FWD20	FALSE	FALSE	Melaleuca_quinquenervia	Colongra_Swamp_NR	North_Coast	Natural	Melaleuca_quinquenervia_Natural	Melaleuca_quinquenervia_North_Coast	Natural_Colongra_Swamp_NR	515f/806r	Allison_Plate_4_Run2	Fwd_20	FWD20	REV22	Rev_22
S465_16S	FALSE	FALSE	Microlaena_stipoides	Wisemans_Park_Keiraville	South Coast	Restored	Microlaena_stipoides_Natural	Microlaena_stipoides_South_Coast	Restored_Wisemans_Park_Keiraville	515f/806r	Allison_Plate2_Run4	Fwd_81	FWD81	REV76	Rev_76
S466_16S	FALSE	FALSE	Microlaena_stipoides	Wisemans_Park_Keiraville	South Coast	Restored	Microlaena_stipoides_Natural	Microlaena_stipoides_South_Coast	Restored_Wisemans_Park_Keiraville	515f/806r	Allison_Plate2_Run4	Fwd_82	FWD82	REV77	Rev_77
S467_16S	FALSE	FALSE	Microlaena_stipoides	Wisemans_Park_Keiraville	South Coast	Restored	Microlaena_stipoides_Natural	Microlaena_stipoides_South_Coast	Restored_Wisemans_Park_Keiraville	515f/806r	Allison_Plate2_Run4	Fwd_83	FWD83	REV78	Rev_78
S468_16S	FALSE	FALSE	Microlaena_stipoides	Wisemans_Park_Keiraville	South Coast	Restored	Microlaena_stipoides_Natural	Microlaena_stipoides_South_Coast	Restored_Wisemans_Park_Keiraville	515f/806r	Allison_Plate2_Run4	Fwd_84	FWD84	REV79	Rev_79
S469_16S	FALSE	FALSE	Microlaena_stipoides	Wisemans_Park_Keiraville	South Coast	Restored	Microlaena_stipoides_Natural	Microlaena_stipoides_South_Coast	Restored_Wisemans_Park_Keiraville	515f/806r	Allison_Plate2_Run4	Fwd_85	FWD85	REV80	Rev_80
S470_16S	FALSE	FALSE	Microlaena_stipoides	Wisemans_Park_Keiraville	South Coast	Restored	Microlaena_stipoides_Natural	Microlaena_stipoides_South_Coast	Restored_Wisemans_Park_Keiraville	515f/806r	Allison_Plate2_Run4	Fwd_86	FWD86	REV81	Rev_81
S471_16S	FALSE	FALSE	Microlaena_stipoides	Wisemans_Park_Keiraville	South Coast	Restored	Microlaena_stipoides_Natural	Microlaena_stipoides_South_Coast	Restored_Wisemans_Park_Keiraville	515f/806r	Allison_Plate2_Run4	Fwd_87	FWD87	REV82	Rev_82
S472_16S	FALSE	FALSE	Microlaena_stipoides	Wisemans_Park_Keiraville	South Coast	Restored	Microlaena_stipoides_Natural	Microlaena_stipoides_South_Coast	Restored_Wisemans_Park_Keiraville	515f/806r	Allison_Plate2_Run4	Fwd_88	FWD88	REV83	Rev_83
S49_NSW1093097_FWD09	FALSE	FALSE	Microlaena_stipoides	Wyrrabalong_North_NP_Lilly_Pilly_Trail	North_Coast	Natural	Microlaena_stipoides_Natural	Microlaena_stipoides_North_Coast	Natural_Wyrrabalong_North_NP_Lilly_Pilly_Trail	515f/806r	Allison_Plate 1_Run3	Fwd_09	FWD09	REV01	Rev_01
S5_NSW1079752_FWD17	FALSE	FALSE	Melaleuca_quinquenervia	Hat_Head_National_Park	North_Coast	Natural	Melaleuca_quinquenervia_Natural	Melaleuca_quinquenervia_North_Coast	Natural_Hat_Head_National_Park	515f/806r	Allison_Plate_4_Run2	Fwd_17	FWD17	REV14	Rev_14
S50_NSW1093092_FWD09	FALSE	FALSE	Microlaena_stipoides	Wyrrabalong_North_NP_Lilly_Pilly_Trail	North_Coast	Natural	Microlaena_stipoides_Natural	Microlaena_stipoides_North_Coast	Natural_Wyrrabalong_North_NP_Lilly_Pilly_Trail	515f/806r	Allison_Plate 1_Run3	Fwd_09	FWD09	REV02	Rev_02
S51_NSW1093077_FWD09	FALSE	FALSE	Microlaena_stipoides	Wyrrabalong_North_NP_Lilly_Pilly_Trail	North_Coast	Natural	Microlaena_stipoides_Natural	Microlaena_stipoides_North_Coast	Natural_Wyrrabalong_North_NP_Lilly_Pilly_Trail	515f/806r	Allison_Plate 1_Run3	Fwd_09	FWD09	REV03	Rev_03
S52_NSW1093072_FWD09	FALSE	FALSE	Microlaena_stipoides	Wyrrabalong_North_NP_Lilly_Pilly_Trail	North_Coast	Natural	Microlaena_stipoides_Natural	Microlaena_stipoides_North_Coast	Natural_Wyrrabalong_North_NP_Lilly_Pilly_Trail	515f/806r	Allison_Plate 1_Run3	Fwd_09	FWD09	REV04	Rev_04
S53_NSW1093062_FWD09	FALSE	FALSE	Microlaena_stipoides	Wyrrabalong_North_NP_Lilly_Pilly_Trail	North_Coast	Natural	Microlaena_stipoides_Natural	Microlaena_stipoides_North_Coast	Natural_Wyrrabalong_North_NP_Lilly_Pilly_Trail	515f/806r	Allison_Plate 1_Run3	Fwd_09	FWD09	REV05	Rev_05
S54_NSW1093052_FWD09	FALSE	FALSE	Microlaena_stipoides	Wyrrabalong_North_NP_Lilly_Pilly_Trail	North_Coast	Natural	Microlaena_stipoides_Natural	Microlaena_stipoides_North_Coast	Natural_Wyrrabalong_North_NP_Lilly_Pilly_Trail	515f/806r	Allison_Plate 1_Run3	Fwd_09	FWD09	REV06	Rev_06
S55_NSW1093057_FWD09	FALSE	FALSE	Microlaena_stipoides	Wyrrabalong_North_NP_Lilly_Pilly_Trail	North_Coast	Natural	Microlaena_stipoides_Natural	Microlaena_stipoides_North_Coast	Natural_Wyrrabalong_North_NP_Lilly_Pilly_Trail	515f/806r	Allison_Plate 1_Run3	Fwd_09	FWD09	REV07	Rev_07
S56_NSW1092919_FWD09	FALSE	FALSE	Microlaena_stipoides	Wyrrabalong_North_NP_Lilly_Pilly_Trail	North_Coast	Natural	Microlaena_stipoides_Natural	Microlaena_stipoides_North_Coast	Natural_Wyrrabalong_North_NP_Lilly_Pilly_Trail	515f/806r	Allison_Plate 1_Run3	Fwd_09	FWD09	REV08	Rev_08
S57_NSW1093021_FWD09	FALSE	FALSE	Themeda_triandra	Colongra_Swamp_NR	North_Coast	Natural	Themeda_triandra_Natural	Themeda_triandra_North_Coast	Natural_Colongra_Swamp_NR	515f/806r	Allison_Plate 1_Run3	Fwd_09	FWD09	REV09	Rev_09
S58_NSW1092907_FWD09	FALSE	FALSE	Themeda_triandra	Colongra_Swamp_NR	North_Coast	Natural	Themeda_triandra_Natural	Themeda_triandra_North_Coast	Natural_Colongra_Swamp_NR	515f/806r	Allison_Plate 1_Run3	Fwd_09	FWD09	REV10	Rev_10
S59_NSW1093110_FWD09	FALSE	FALSE	Themeda_triandra	Colongra_Swamp_NR	North_Coast	Natural	Themeda_triandra_Natural	Themeda_triandra_North_Coast	Natural_Colongra_Swamp_NR	515f/806r	Allison_Plate 1_Run3	Fwd_09	FWD09	REV11	Rev_11
S60_NSW1093000_FWD09	FALSE	FALSE	Themeda_triandra	Colongra_Swamp_NR	North_Coast	Natural	Themeda_triandra_Natural	Themeda_triandra_North_Coast	Natural_Colongra_Swamp_NR	515f/806r	Allison_Plate 1_Run3	Fwd_09	FWD09	REV12	Rev_12
S61_NSW1093115_FWD10	FALSE	FALSE	Themeda_triandra	Colongra_Swamp_NR	North_Coast	Natural	Themeda_triandra_Natural	Themeda_triandra_North_Coast	Natural_Colongra_Swamp_NR	515f/806r	Allison_Plate 1_Run3	Fwd_10	FWD10	REV01	Rev_01
S62_NSW1093126_FWD10	FALSE	FALSE	Themeda_triandra	Colongra_Swamp_NR	North_Coast	Natural	Themeda_triandra_Natural	Themeda_triandra_North_Coast	Natural_Colongra_Swamp_NR	515f/806r	Allison_Plate 1_Run3	Fwd_10	FWD10	REV02	Rev_02
S63_NSW1093002_FWD10	FALSE	FALSE	Themeda_triandra	Colongra_Swamp_NR	North_Coast	Natural	Themeda_triandra_Natural	Themeda_triandra_North_Coast	Natural_Colongra_Swamp_NR	515f/806r	Allison_Plate 1_Run3	Fwd_10	FWD10	REV03	Rev_03
S64_NSW1093023_FWD10	FALSE	FALSE	Themeda_triandra	Colongra_Swamp_NR	North_Coast	Natural	Themeda_triandra_Natural	Themeda_triandra_North_Coast	Natural_Colongra_Swamp_NR	515f/806r	Allison_Plate 1_Run3	Fwd_10	FWD10	REV04	Rev_04
S65_NSW1092923_FWD10	FALSE	FALSE	Microlaena_stipoides	Munmorah_SCA	North_Coast	Natural	Microlaena_stipoides_Natural	Microlaena_stipoides_North_Coast	Natural_Munmorah_SCA	515f/806r	Allison_Plate 1_Run3	Fwd_10	FWD10	REV05	Rev_05
S66_NSW1092924_FWD10	FALSE	FALSE	Microlaena_stipoides	Munmorah_SCA	North_Coast	Natural	Microlaena_stipoides_Natural	Microlaena_stipoides_North_Coast	Natural_Munmorah_SCA	515f/806r	Allison_Plate 1_Run3	Fwd_10	FWD10	REV06	Rev_06
S67_NSW1092925_FWD10	FALSE	FALSE	Microlaena_stipoides	Munmorah_SCA	North_Coast	Natural	Microlaena_stipoides_Natural	Microlaena_stipoides_North_Coast	Natural_Munmorah_SCA	515f/806r	Allison_Plate 1_Run3	Fwd_10	FWD10	REV07	Rev_07
S68_NSW1092928_FWD10	FALSE	FALSE	Microlaena_stipoides	Munmorah_SCA	North_Coast	Natural	Microlaena_stipoides_Natural	Microlaena_stipoides_North_Coast	Natural_Munmorah_SCA	515f/806r	Allison_Plate 1_Run3	Fwd_10	FWD10	REV08	Rev_08
S69_NSW1092929_FWD10	FALSE	FALSE	Microlaena_stipoides	Munmorah_SCA	North_Coast	Natural	Microlaena_stipoides_Natural	Microlaena_stipoides_North_Coast	Natural_Munmorah_SCA	515f/806r	Allison_Plate 1_Run3	Fwd_10	FWD10	REV09	Rev_09
S70_NSW1092930_FWD10	FALSE	FALSE	Microlaena_stipoides	Munmorah_SCA	North_Coast	Natural	Microlaena_stipoides_Natural	Microlaena_stipoides_North_Coast	Natural_Munmorah_SCA	515f/806r	Allison_Plate 1_Run3	Fwd_10	FWD10	REV10	Rev_10
S71_NSW1092934_FWD10	FALSE	FALSE	Microlaena_stipoides	Munmorah_SCA	North_Coast	Natural	Microlaena_stipoides_Natural	Microlaena_stipoides_North_Coast	Natural_Munmorah_SCA	515f/806r	Allison_Plate 1_Run3	Fwd_10	FWD10	REV11	Rev_11
S72_NSW1092933_FWD10	FALSE	FALSE	Microlaena_stipoides	Munmorah_SCA	North_Coast	Natural	Microlaena_stipoides_Natural	Microlaena_stipoides_North_Coast	Natural_Munmorah_SCA	515f/806r	Allison_Plate 1_Run3	Fwd_10	FWD10	REV12	Rev_12
S73b_NSW1092681_FWD21	FALSE	FALSE	Themeda_triandra	Munmorah_SCA	North_Coast	Natural	Themeda_triandra_Natural	Themeda_triandra_North_Coast	Natural_Munmorah_SCA	515f/806r	Allison_Plate_4_Run2	Fwd_21	FWD21	REV13	Rev_13
S74b_NSW1092840_FWD21	FALSE	FALSE	Themeda_triandra	Munmorah_SCA	North_Coast	Natural	Themeda_triandra_Natural	Themeda_triandra_North_Coast	Natural_Munmorah_SCA	515f/806r	Allison_Plate_4_Run2	Fwd_21	FWD21	REV14	Rev_14
S75b_NSW1092850_FWD21	FALSE	FALSE	Themeda_triandra	Munmorah_SCA	North_Coast	Natural	Themeda_triandra_Natural	Themeda_triandra_North_Coast	Natural_Munmorah_SCA	515f/806r	Allison_Plate_4_Run2	Fwd_21	FWD21	REV15	Rev_15
S76b_NSW1092855_FWD21	FALSE	FALSE	Themeda_triandra	Munmorah_SCA	North_Coast	Natural	Themeda_triandra_Natural	Themeda_triandra_North_Coast	Natural_Munmorah_SCA	515f/806r	Allison_Plate_4_Run2	Fwd_21	FWD21	REV16	Rev_16
S77b_NSW1092851_FWD21	FALSE	FALSE	Themeda_triandra	Munmorah_SCA	North_Coast	Natural	Themeda_triandra_Natural	Themeda_triandra_North_Coast	Natural_Munmorah_SCA	515f/806r	Allison_Plate_4_Run2	Fwd_21	FWD21	REV17	Rev_17
S78b_NSW1092846_FWD21	FALSE	FALSE	Themeda_triandra	Munmorah_SCA	North_Coast	Natural	Themeda_triandra_Natural	Themeda_triandra_North_Coast	Natural_Munmorah_SCA	515f/806r	Allison_Plate_4_Run2	Fwd_21	FWD21	REV18	Rev_18
S79b_NSW1092841_FWD21	FALSE	FALSE	Themeda_triandra	Munmorah_SCA	North_Coast	Natural	Themeda_triandra_Natural	Themeda_triandra_North_Coast	Natural_Munmorah_SCA	515f/806r	Allison_Plate_4_Run2	Fwd_21	FWD21	REV19	Rev_19
S80b_NSW1092836_FWD21	FALSE	FALSE	Themeda_triandra	Munmorah_SCA	North_Coast	Natural	Themeda_triandra_Natural	Themeda_triandra_North_Coast	Natural_Munmorah_SCA	515f/806r	Allison_Plate_4_Run2	Fwd_21	FWD21	REV20	Rev_20
S81_NSW1093010_FWD11	FALSE	FALSE	Themeda_triandra	Norah_Head	North_Coast	Restored	Themeda_triandra_Restored	Themeda_triandra_North_Coast	Restored_Norah_Head	515f/806r	Allison_Plate 1_Run3	Fwd_11	FWD11	REV01	Rev_01
S82_NSW1093034_FWD11	FALSE	FALSE	Themeda_triandra	Norah_Head	North_Coast	Restored	Themeda_triandra_Restored	Themeda_triandra_North_Coast	Restored_Norah_Head	515f/806r	Allison_Plate 1_Run3	Fwd_11	FWD11	REV02	Rev_02
S83_NSW1093025_FWD11	FALSE	FALSE	Themeda_triandra	Norah_Head	North_Coast	Restored	Themeda_triandra_Restored	Themeda_triandra_North_Coast	Restored_Norah_Head	515f/806r	Allison_Plate 1_Run3	Fwd_11	FWD11	REV03	Rev_03
S84_NSW1093015_FWD11	FALSE	FALSE	Themeda_triandra	Norah_Head	North_Coast	Restored	Themeda_triandra_Restored	Themeda_triandra_North_Coast	Restored_Norah_Head	515f/806r	Allison_Plate 1_Run3	Fwd_11	FWD11	REV04	Rev_04
S85_NSW1093020_FWD11	FALSE	FALSE	Themeda_triandra	Norah_Head	North_Coast	Restored	Themeda_triandra_Restored	Themeda_triandra_North_Coast	Restored_Norah_Head	515f/806r	Allison_Plate 1_Run3	Fwd_11	FWD11	REV05	Rev_05
S86_NSW1093035_FWD11	FALSE	FALSE	Themeda_triandra	Norah_Head	North_Coast	Restored	Themeda_triandra_Restored	Themeda_triandra_North_Coast	Restored_Norah_Head	515f/806r	Allison_Plate 1_Run3	Fwd_11	FWD11	REV06	Rev_06
S87_NSW1093001_FWD11	FALSE	FALSE	Themeda_triandra	Norah_Head	North_Coast	Restored	Themeda_triandra_Restored	Themeda_triandra_North_Coast	Restored_Norah_Head	515f/806r	Allison_Plate 1_Run3	Fwd_11	FWD11	REV07	Rev_07
S88_NSW1093006_FWD11	FALSE	FALSE	Themeda_triandra	Norah_Head	North_Coast	Restored	Themeda_triandra_Restored	Themeda_triandra_North_Coast	Restored_Norah_Head	515f/806r	Allison_Plate 1_Run3	Fwd_11	FWD11	REV08	Rev_08
S89_NSW1092795_FWD11	FALSE	FALSE	Themeda_triandra	Catherine_Hill_Revegetation_Area	North_Coast	Restored	Themeda_triandra_Restored	Themeda_triandra_North_Coast	Restored_Catherine_Hill_Revegetation_Area	515f/806r	Allison_Plate 1_Run3	Fwd_11	FWD11	REV09	Rev_09
S90_NSW1092790_FWD11	FALSE	FALSE	Themeda_triandra	Catherine_Hill_Revegetation_Area	North_Coast	Restored	Themeda_triandra_Restored	Themeda_triandra_North_Coast	Restored_Catherine_Hill_Revegetation_Area	515f/806r	Allison_Plate 1_Run3	Fwd_11	FWD11	REV10	Rev_10
S91_NSW1092810_FWD11	FALSE	FALSE	Themeda_triandra	Catherine_Hill_Revegetation_Area	North_Coast	Restored	Themeda_triandra_Restored	Themeda_triandra_North_Coast	Restored_Catherine_Hill_Revegetation_Area	515f/806r	Allison_Plate 1_Run3	Fwd_11	FWD11	REV11	Rev_11
S92_NSW1092937_FWD11	FALSE	FALSE	Themeda_triandra	Catherine_Hill_Revegetation_Area	North_Coast	Restored	Themeda_triandra_Restored	Themeda_triandra_North_Coast	Restored_Catherine_Hill_Revegetation_Area	515f/806r	Allison_Plate 1_Run3	Fwd_11	FWD11	REV12	Rev_12
S93_NSW1092893_FWD12	FALSE	FALSE	Themeda_triandra	Catherine_Hill_Revegetation_Area	North_Coast	Restored	Themeda_triandra_Restored	Themeda_triandra_North_Coast	Restored_Catherine_Hill_Revegetation_Area	515f/806r	Allison_Plate 1_Run3	Fwd_12	FWD12	REV01	Rev_01
S94_NSW1092785_FWD12	FALSE	FALSE	Themeda_triandra	Catherine_Hill_Revegetation_Area	North_Coast	Restored	Themeda_triandra_Restored	Themeda_triandra_North_Coast	Restored_Catherine_Hill_Revegetation_Area	515f/806r	Allison_Plate 1_Run3	Fwd_12	FWD12	REV02	Rev_02
S95_NSW1092805_FWD12	FALSE	FALSE	Themeda_triandra	Catherine_Hill_Revegetation_Area	North_Coast	Restored	Themeda_triandra_Restored	Themeda_triandra_North_Coast	Restored_Catherine_Hill_Revegetation_Area	515f/806r	Allison_Plate 1_Run3	Fwd_12	FWD12	REV03	Rev_03
S96_NSW1092956_FWD12	FALSE	FALSE	Themeda_triandra	Catherine_Hill_Revegetation_Area	North_Coast	Restored	Themeda_triandra_Restored	Themeda_triandra_North_Coast	Restored_Catherine_Hill_Revegetation_Area	515f/806r	Allison_Plate 1_Run3	Fwd_12	FWD12	REV04	Rev_04
S97_NSW1092914_FWD12	FALSE	FALSE	Themeda_triandra	Jesmond_Park	North_Coast	Restored	Themeda_triandra_Restored	Themeda_triandra_North_Coast	Restored_Jesmond_Park	515f/806r	Allison_Plate 1_Run3	Fwd_12	FWD12	REV05	Rev_05
S98_NSW1092918_FWD12	FALSE	FALSE	Themeda_triandra	Jesmond_Park	North_Coast	Restored	Themeda_triandra_Restored	Themeda_triandra_North_Coast	Restored_Jesmond_Park	515f/806r	Allison_Plate 1_Run3	Fwd_12	FWD12	REV06	Rev_06
S99_NSW1092915_FWD12	FALSE	FALSE	Themeda_triandra	Jesmond_Park	North_Coast	Restored	Themeda_triandra_Restored	Themeda_triandra_North_Coast	Restored_Jesmond_Park	515f/806r	Allison_Plate 1_Run3	Fwd_12	FWD12	REV07	Rev_07