abundance,ASV,ASVNumber,AverageShortestPathLength,Betweenness Dir,BetweennessCentrality,Bridging Dir,Centroid Dir,Class,Closeness Dir,ClosenessCentrality,ClusteringCoefficient,degree,Eccentricity,Eccentricity Dir,EdgeCount,EigenVector Dir,Family,Genus,Indegree,IsSingleNode,Kingdom,Label,MCODE::Clusters (1),MCODE::Node Status (1),MCODE::Score (1),name,negdegree,NeighborhoodConnectivity,Order,oriID,Outdegree,PartnerOfMultiEdgedNodePairs,phylum,posdegree,Radiality Dir,samplecount,selected,SelfLoops,shared name,Stress,unknowndegree
425,73f54dd315262f59b0c481e410d19eff,282,1,7.5,0.261695906,0.513029316,-1,Dothideomycetes,1,1,0.211111111,10,1,1,10,2.57E-51,Aureobasidiaceae,Aureobasidium,9,FALSE,Fungi,282,Cluster 2,Clustered,2.555555556,282,0,7.3,Dothideales,282,1,0,Ascomycota,10,0.002159827,2,FALSE,0,282,112,0
504,84c53977e92683af0e4a42b42a9a5509,303,0,0,0,0,0,Sordariomycetes,0,0,0.166666667,9,0,0,9,2.45E-51,Stachybotryaceae,Stachybotryaceae,9,FALSE,Fungi,303,Cluster 6,Clustered,1.821428571,303,0,6.444444444,Hypocreales,303,0,0,Ascomycota,9,0.002155172,2,FALSE,0,303,0,0
307,303e9ab3e4d83037ad04ac4dc6ac3750,198,1.6,3.083333333,0.027046784,0.257557677,-15,Sordariomycetes,11.16666667,0.625,0.208333333,9,3,0.333333333,9,-1.17E-36,Sporocadaceae,Pestalotiopsis,1,FALSE,Fungi,198,,Unclustered,1.6,198,0,7.222222222,Xylariales,198,8,0,Ascomycota,9,0.002208318,2,FALSE,0,198,18,0
625,f51cc6a4848000a2a48e058f095a0beb,418,1.333333333,12.28333333,0.506481481,0.919362024,-6,Tremellomycetes,5,0.75,0.180555556,9,2,0.5,9,-5.50E-50,Bulleribasidiaceae,Hannaella,5,FALSE,Fungi,418,,Unclustered,1.75,418,0,6.666666667,Tremellales,418,4,0,Basidiomycota,9,0.002178649,2,FALSE,0,418,264,0
508,a85e7d7fb3d4861147f307930b46a96d,340,1,5.2,0.200194932,0.658624849,-4,Dothideomycetes,4,1,0.25,8,1,1,8,1.54E-50,Capnodiales,Capnodiales,4,FALSE,Fungi,340,Cluster 2,Clustered,3.047619048,340,0,8.25,Capnodiales,340,4,0,Ascomycota,8,0.002173913,3,FALSE,0,340,128,0
546,e15423765fbc833a19ae998bf3a56a07,395,1.785714286,12.41666667,0.27168616,1.123276852,-14,Sordariomycetes,9.166666667,0.56,0.178571429,8,3,0.333333333,8,1.28E-35,Diaporthaceae,Diaporthe,3,FALSE,Fungi,395,,Unclustered,2,395,0,6.75,Diaporthales,395,5,0,Ascomycota,8,0.002198608,2,FALSE,0,395,122,0
298,2942009a42702561ada4aa01db57f1ff,185,1.444444444,11.6,0.282358674,1.068733548,-9,Dothideomycetes,7,0.692307692,0.196428571,8,2,0.5,8,-1.17E-35,Pleosporaceae,Alternaria,3,FALSE,Fungi,185,,Unclustered,2.142857143,185,0,6.625,Pleosporales,185,5,0,Ascomycota,8,0.002188184,2,FALSE,0,185,143,0
399,4b1bc7c1a9ba858698ad5018094dd64f,237,1.5,1.983333333,0.056578947,0.286516854,-2,Dothideomycetes,1.5,0.666666667,0.238095238,7,2,0.5,7,1.94E-50,Capnodiales,Capnodiales,6,FALSE,Fungi,237,Cluster 2,Seed,3.047619048,237,0,7.714285714,Capnodiales,237,1,0,Ascomycota,7,0.002162162,2,FALSE,0,237,44,0
442,909d5eebd4131699d1148453d74e34d4,315,1.5,6.2,0.110526316,0.566929134,-2,Dothideomycetes,1.5,0.666666667,0.19047619,7,2,0.5,7,-2.41E-50,Pleosporaceae,Curvularia,6,FALSE,Fungi,315,Cluster 2,Clustered,2.7,315,0,6.142857143,Pleosporales,315,1,0,Ascomycota,7,0.002162162,4,FALSE,0,315,45,0
445,a50bd09cd2e15bbff46f704b39310b26,337,2,0,0,0,-16,Dothideomycetes,10.5,0.5,0.214285714,7,4,0.25,7,-7.83E-36,Phaeosphaeriaceae,Neostagonospora,0,FALSE,Fungi,337,,Unclustered,2,337,0,6,Pleosporales,337,7,0,Ascomycota,7,0.002205072,2,FALSE,0,337,0,0
431,6cf39736ac1f676d72f985394c6685c6,272,1.727272727,14.33333333,0.433723197,2.457142857,-11,Dothideomycetes,7.333333333,0.578947368,0.133333333,6,3,0.333333333,6,-1.28E-35,Didymosphaeriaceae,Pseudopithomyces,2,FALSE,Fungi,272,,Unclustered,1.2,272,0,7,Pleosporales,272,4,0,Ascomycota,6,0.002189781,2,FALSE,0,272,177,0
286,2166186fb4bd4c395a3515872f995fce,178,1.75,0,0,0,-16,Dothideomycetes,10.66666667,0.571428571,0.266666667,6,3,0.333333333,6,1.12E-35,Cladosporiaceae,Cladosporium,0,FALSE,Fungi,178,,Unclustered,2,178,0,8.333333333,Capnodiales,178,6,0,Ascomycota,6,0.002205882,2,FALSE,0,178,0,0
434,4297d872e26fb5707dbb9a94b6d7c1c6,222,1,3.5,0.303571429,0.291666667,-2,Dothideomycetes,2,1,0.2,6,1,1,6,2.23E-51,Pleosporales,Pleosporales,4,FALSE,Fungi,222,Cluster 1,Seed,3,222,0,3.166666667,Pleosporales,222,2,0,Ascomycota,6,0.002164502,2,FALSE,0,222,20,0
509,766e279d055630cd126f0d21cab99cc1,285,1,2,0.012820513,0.24742268,-4,Tremellomycetes,4,1,0.2,5,1,1,5,-1.04E-36,Naemateliaceae,Dimennazyma,1,FALSE,Fungi,285,Cluster 7,Clustered,1.2,285,0,3.4,Tremellales,285,4,0,Basidiomycota,5,0.002173913,2,FALSE,0,285,3,0
288,05d6331908d55442d11cf0a203d4b757,146,1.333333333,4,0.102564103,0.377952756,-3,Dothideomycetes,2.5,0.75,0.15,5,2,0.5,5,-3.14E-50,Pleosporaceae,Alternaria,3,FALSE,Fungi,146,Cluster 7,Seed,1.4,146,0,3.2,Pleosporales,146,2,0,Ascomycota,5,0.002166847,2,FALSE,0,146,17,0
518,97b50584cd4ef0ea144145abdc1639e8,321,1.636363636,0,0,0,-11,Dothideomycetes,7.833333333,0.611111111,0.2,5,3,0.333333333,5,-5.44E-36,Pleosporaceae,Alternaria,0,FALSE,Fungi,321,,Unclustered,2.4,321,0,8,Pleosporales,321,5,0,Ascomycota,5,0.002192181,2,FALSE,0,321,0,0
411,5e5e52a6f5271a12ce9005e18fc0ef2f,251,1.2,0,0,0,-5,Dothideomycetes,4.5,0.833333333,0.333333333,4,2,0.5,4,1.33E-35,Pleosporaceae,Alternaria,0,FALSE,Fungi,251,Cluster 1,Clustered,3,251,0,4,Pleosporales,251,4,0,Ascomycota,4,0.002176279,2,FALSE,0,251,0,0
360,56b17ee22867f28d69ceed6536bce3f4,246,2,2.533333333,0.091033138,1.191044776,-3,Sordariomycetes,1.833333333,0.5,0.166666667,4,3,0.333333333,4,3.26E-51,Nectriaceae,Fusarium,3,FALSE,Fungi,246,,Unclustered,1.666666667,246,0,7.75,Hypocreales,246,1,0,Ascomycota,4,0.002163722,2,FALSE,0,246,62,0
254,029e3660a38e2341d1b6316aa02e3ed6,139,1.5,6.033333333,0.174366472,1.789548023,-4,Dothideomycetes,3,0.666666667,0,4,2,0.5,4,1.17E-35,Aureobasidiaceae,Aureobasidium,2,FALSE,Fungi,139,,Unclustered,0.4,139,0,5.25,Dothideales,139,2,0,Ascomycota,4,0.002169197,2,FALSE,0,139,78,0
534,6015f1974d168a36aa32798e12f72c57,256,1.428571429,0,0,0,-7,Dothideomycetes,5.5,0.7,0.166666667,4,2,0.5,4,-1.02E-35,Aureobasidiaceae,Aureobasidium,0,FALSE,Fungi,256,Cluster 7,Clustered,1.2,256,0,3.75,Dothideales,256,4,0,Ascomycota,4,0.002181025,2,FALSE,0,256,0,0
124,d66072bb4e903a9c1a95728d29427410,123,0,0,0,0,0,Actinobacteria,0,0,0.083333333,4,0,0,4,-1.83E-50,Microbacteriaceae,Curtobacterium,4,FALSE,Bacteria,123,Cluster 5,Clustered,2,123,0,1.5,Micrococcales,123,0,0,Actinobacteriota,4,0.002155172,1,FALSE,0,123,0,0
472,b5976b7bccb69a04c91ee102e6a6b673,356,1.857142857,0.833333333,0.031676413,0.434962717,-7,Sordariomycetes,4.333333333,0.538461538,0.416666667,4,3,0.333333333,4,2.06E-35,Xylariales_fam_Incertae_sedis,Hansfordia,2,FALSE,Fungi,356,,Unclustered,2.7,356,0,8.5,Xylariales,356,2,0,Ascomycota,4,0.002175489,2,FALSE,0,356,26,0
291,1aba95c7856c2b20424424b195d87741,170,0,0,0,0,0,Microbotryomycetes,0,0,0.25,4,0,0,4,6.50E-51,Microbotryomycetes_fam_Incertae_sedis,Curvibasidium,4,FALSE,Fungi,170,Cluster 1,Clustered,3,170,0,3.75,Microbotryomycetes_ord_Incertae_sedis,170,0,0,Basidiomycota,4,0.002155172,2,FALSE,0,170,0,0
1047,2211cb93d390aa295aa4c75baa1e23c1,25,1.666666667,2,0.238095238,0.24,-6,Gammaproteobacteria,4.333333333,0.6,0.083333333,4,3,0.333333333,4,-1.04E-49,Enterobacteriaceae,Enterobacteriaceae,1,FALSE,Bacteria,25,Cluster 4,Clustered,2,25,0,2.5,Enterobacterales,25,3,0,Proteobacteria,4,0.002175489,2,FALSE,0,25,10,0
146,119b70614392764602bb20f8bbe8f960,14,1,5,0.523809524,0.6,-1,Gammaproteobacteria,1,1,0.083333333,4,1,1,4,-7.09E-51,Enterobacterales,Enterobacterales,3,FALSE,Bacteria,14,Cluster 4,Clustered,2,14,0,2.5,Enterobacterales,14,1,0,Proteobacteria,4,0.002159827,2,FALSE,0,14,22,0
618,af753b8f4c00f0f028bcc73ba3b52922,350,1,2,0.044871795,0.740740741,-1,Dothideomycetes,1,1,0.333333333,3,1,1,3,-3.15E-39,Botryosphaeriaceae,Tiarosporella,2,FALSE,Fungi,350,,Unclustered,1.666666667,350,0,4,Botryosphaeriales,350,1,0,Ascomycota,3,0.002159827,2,FALSE,0,350,7,0
598,ac95b25e6a315d8d49897fcd6fa4f4fc,348,0,0,0,0,0,Dothideomycetes,0,0,0.166666667,3,0,0,3,3.15E-39,Phaeosphaeriaceae,Phaeosphaeria,3,FALSE,Fungi,348,,Unclustered,2,348,0,4.333333333,Pleosporales,348,0,0,Ascomycota,3,0.002155172,2,FALSE,0,348,0,0
294,0ab5489f0e7c2f9c1c3458541cf79ed7,150,1,1,0.032163743,0.48,-1,Tremellomycetes,1,1,0.166666667,3,1,1,3,-3.04E-50,Rhynchogastremataceae,Papiliotrema,2,FALSE,Fungi,150,Cluster 6,Seed,2,150,0,5.333333333,Tremellales,150,1,0,Basidiomycota,3,0.002159827,2,FALSE,0,150,11,0
917,9d30df1c09b60bb791f16b9f769c6335,83,2,5,0.238095238,1.25,-3,Gammaproteobacteria,1.833333333,0.5,0,3,3,0.333333333,3,1.15E-49,Pseudomonadaceae,Pseudomonas,2,FALSE,Bacteria,83,,Unclustered,0.5,83,0,2.333333333,Pseudomonadales,83,1,0,Proteobacteria,3,0.002163722,3,FALSE,0,83,10,0
392,3950057cf81423023446b5dec6aa21f8,210,1.333333333,0,0,0,-3,Dothideomycetes,2.5,0.75,0.5,3,2,0.5,3,-1.40E-35,Pleosporaceae,Stemphylium,1,FALSE,Fungi,210,Cluster 1,Clustered,3,210,0,4.666666667,Pleosporales,210,2,0,Ascomycota,3,0.002166847,2,FALSE,0,210,0,0
542,bbcca7e48999acdfcece674437c72c2f,361,1,1,0.1,0.333333333,-2,Sordariomycetes,2,1,0.166666667,3,1,1,3,-2.58E-36,Nectriaceae,Gibberella,1,FALSE,Fungi,361,Cluster 3,Clustered,2,361,0,3,Hypocreales,361,2,0,Ascomycota,3,0.002164502,2,FALSE,0,361,3,0
525,f7d8798944f43bfd460b66df5ce50166,423,2,1,0.049707602,0.811594203,-3,Tremellomycetes,1.833333333,0.5,0.333333333,3,3,0.333333333,3,-7.80E-36,Bulleribasidiaceae,Hannaella,2,FALSE,Fungi,423,,Unclustered,1.666666667,423,0,7.333333333,Tremellales,423,1,0,Basidiomycota,3,0.002163722,2,FALSE,0,423,17,0
406,3ec91b1e27aab6fcc891d8102720eb6a,217,1,2,0.043859649,1.170731707,-2,Dothideomycetes,2,1,0.333333333,3,1,1,3,2.19E-50,Didymellaceae,Didymellaceae,1,FALSE,Fungi,217,Cluster 6,Clustered,1.666666667,217,0,6.666666667,Pleosporales,217,2,0,Ascomycota,3,0.002164502,2,FALSE,0,217,15,0
535,e8473049a435de4d2c6bf0e77ce3b0d8,405,1.25,0,0,0,-4,Tremellomycetes,3.5,0.8,0.333333333,3,2,0.5,3,3.77E-37,Filobasidiaceae,Filobasidium,0,FALSE,Fungi,405,Cluster 3,Clustered,1.666666667,405,0,2.666666667,Filobasidiales,405,3,0,Basidiomycota,3,0.002171553,2,FALSE,0,405,0,0
315,33366dfc8034a4744d5b86e53b34681a,200,1,2,0.115384615,0.363636364,-2,Dothideomycetes,2,1,0,3,1,1,3,1.82E-37,Capnodiales,Capnodiales,1,FALSE,Fungi,200,,Unclustered,0.5,200,0,2,Capnodiales,200,2,0,Ascomycota,3,0.002164502,2,FALSE,0,200,18,0
323,0462035e2c4ff1b7a9404146ecae7a7b,143,0,0,0,0,0,Dothideomycetes,0,0,0.166666667,3,0,0,3,-8.48E-52,Didymellaceae,Neoascochyta,3,FALSE,Fungi,143,,Unclustered,2,143,0,2.333333333,Pleosporales,143,0,0,Ascomycota,3,0.002155172,2,FALSE,0,143,0,0
520,8649def56b1b71b8c0b5f5b752ef7e38,304,0,0,0,0,0,Sordariomycetes,0,0,0.333333333,3,0,0,3,-3.74E-51,Microdochiaceae,Microdochium,3,FALSE,Fungi,304,,Unclustered,1.666666667,304,0,3.666666667,Xylariales,304,0,0,Ascomycota,3,0.002155172,2,FALSE,0,304,0,0
553,d7a9a110d2e745357d1f8284dc3a950b,389,0,0,0,0,0,Sordariomycetes,0,0,0.333333333,3,0,0,3,1.65E-50,Nectriaceae,Gibberella,3,FALSE,Fungi,389,Cluster 3,Clustered,1.666666667,389,0,2.666666667,Hypocreales,389,0,0,Ascomycota,3,0.002155172,2,FALSE,0,389,0,0
269,12f7c98f754d3b9c36fad3d0af1f24f0,160,1.333333333,0.5,0.053571429,0.222222222,-3,Dothideomycetes,2.5,0.75,0.333333333,3,2,0.5,3,1.40E-35,Pleosporales,Pleosporales,1,FALSE,Fungi,160,,Unclustered,1.666666667,160,0,4.333333333,Pleosporales,160,2,0,Ascomycota,3,0.002166847,2,FALSE,0,160,6,0
475,973288aa32beb609452f6d40b8b6769a,320,0,0,0,0,0,Dothideomycetes,0,0,0,3,0,0,3,3.79E-51,Botryosphaeriaceae,Botryosphaeria,3,FALSE,Fungi,320,,Unclustered,0.5,320,0,1.666666667,Botryosphaeriales,320,0,0,Ascomycota,3,0.002155172,2,FALSE,0,320,0,0
498,0e2e91fba1ca9ed7de2d11ea4786c914,9,1.571428571,0,0,0,-7,Gammaproteobacteria,5,0.636363636,0.166666667,3,2,0.5,3,-1,Moraxellaceae,Acinetobacter,0,FALSE,Bacteria,9,Cluster 4,Seed,2,9,0,3.666666667,Pseudomonadales,9,3,0,Proteobacteria,3,0.002178649,2,FALSE,0,9,0,0
9594,8b0fe00bd6719dfd0b971ce9ea657a06,307,1,1,1,0.25,-1,Tremellomycetes,1,1,0,2,1,1,2,2.20E-51,Bulleribasidiaceae,Vishniacozyma,1,FALSE,Fungi,307,,Unclustered,0.666666667,307,0,1,Tremellales,307,1,0,Basidiomycota,2,0.002159827,8,FALSE,0,307,2,0
466,2adb2ed5be0674d62daf903fe7c340bc,192,1,0,0,0,-1,Tremellomycetes,1,1,0.5,2,1,1,2,1.04E-36,Rhynchogastremataceae,Papiliotrema,1,FALSE,Fungi,192,,Unclustered,2,192,0,3.5,Tremellales,192,1,0,Basidiomycota,2,0.002159827,2,FALSE,0,192,0,0
3116,6110f28a1de867a9983a8a28ecf4e533,53,2.5,2,0.095238095,1.714285714,-4,Gammaproteobacteria,2.083333333,0.4,0,2,4,0.25,2,-1.41E-38,Erwiniaceae,Erwinia,1,FALSE,Bacteria,53,,Unclustered,0.666666667,53,0,3.5,Enterobacterales,53,1,0,Proteobacteria,2,0.002164893,3,FALSE,0,53,4,0
697,c32883cdc2a35f6ab331e606a9d414a4,369,0,0,0,0,0,Dothideomycetes,0,0,0.5,2,0,0,2,-2.70E-50,Neodevriesiaceae,Neodevriesia,2,FALSE,Fungi,369,,Unclustered,2,369,0,4,Capnodiales,369,0,0,Ascomycota,2,0.002155172,2,FALSE,0,369,0,0
195,3b94c19ef326eea0918e1c3d244c999c,31,1,0,0,0,-2,Gammaproteobacteria,2,1,0,2,1,1,2,-4.49E-37,Enterobacterales,Enterobacterales,0,FALSE,Bacteria,31,,Unclustered,0.666666667,31,0,1,Enterobacterales,31,2,0,Proteobacteria,2,0.002164502,2,FALSE,0,31,0,0
873,efb4c3b67594f4be34961318f9829295,413,0,0,0,0,0,Dothideomycetes,0,0,0,2,0,0,2,4.04E-52,Phaeosphaeriaceae,Phaeosphaeria,2,FALSE,Fungi,413,,Unclustered,0.666666667,413,0,1,Pleosporales,413,0,0,Ascomycota,2,0.002155172,2,FALSE,0,413,0,0
686,e57c5df6a9b3b982472e7754ed31f313,129,1.5,4,0.428571429,3.428571429,-2,Gammaproteobacteria,1.5,0.666666667,0,2,2,0.5,2,5.89E-36,Oxalobacteraceae,Massilia,1,FALSE,Bacteria,129,,Unclustered,0.666666667,129,0,3.5,Burkholderiales,129,1,0,Proteobacteria,2,0.002162162,2,FALSE,0,129,18,0
274,e61a7bc42a30f0ca4f170b5e3f6cad0c,130,0,0,0,0,0,Bacteroidia,0,0,0,2,0,0,2,-2.54E-51,Weeksellaceae,Chryseobacterium,2,FALSE,Bacteria,130,,Unclustered,0.666666667,130,0,1,Flavobacteriales,130,0,0,Bacteroidota,2,0.002155172,2,FALSE,0,130,0,0
547,f8f7d7748d1a63629fb570c6fa7ec0aa,425,1,0,0,0,-2,Sordariomycetes,2,1,0,2,1,1,2,-3.00E-35,Nectriaceae,Gibberella,0,FALSE,Fungi,425,,Unclustered,0.666666667,425,0,1,Hypocreales,425,2,0,Ascomycota,2,0.002164502,2,FALSE,0,425,0,0
360,49626af996a00c13b8e12b839bcda9f5,234,1,1,0.5,0.25,-1,Dothideomycetes,1,1,0,2,1,1,2,5.76E-51,Cladosporiaceae,Cladosporium,1,FALSE,Fungi,234,,Unclustered,0.666666667,234,0,1,Capnodiales,234,1,0,Ascomycota,2,0.002159827,2,FALSE,0,234,1,0
662,cf15f3f29cdf3df4e1e718a072631bad,380,0,0,0,0,0,Sordariomycetes,0,0,0,2,0,0,2,6.37E-51,Apiosporaceae,Arthrinium,2,FALSE,Fungi,380,,Unclustered,0.666666667,380,0,1,Xylariales,380,0,0,Ascomycota,2,0.002155172,2,FALSE,0,380,0,0
482,ccd4780ec438e2bafad794ca188d894b,378,2,0,0,0,-3,Sordariomycetes,1.833333333,0.5,0.5,2,3,0.333333333,2,-2.57E-35,Trichosphaeriaceae,Nigrospora,1,FALSE,Fungi,378,,Unclustered,2,378,0,7,Trichosphaeriales,378,1,0,Ascomycota,2,0.002163722,2,FALSE,0,378,0,0
11440,43f1033576a67b7fab36279132f55657,223,1,1,1.5,0.25,-1,Dothideomycetes,1,1,0,2,1,1,2,-1.48E-50,Didymellaceae,Didymellaceae,1,FALSE,Fungi,223,,Unclustered,0.666666667,223,0,1,Pleosporales,223,1,0,Ascomycota,2,0.002159827,4,FALSE,0,223,3,0
336,1f3b0f533e0f197bf86f65104af49bba,176,1.333333333,0,0,0,-3,Dothideomycetes,2.5,0.75,0.5,2,2,0.5,2,8.30E-37,Didymosphaeriaceae,Paraphaeosphaeria,0,FALSE,Fungi,176,,Unclustered,2,176,0,4.5,Pleosporales,176,2,0,Ascomycota,2,0.002166847,2,FALSE,0,176,0,0
470,9685d5efab791e0ab92349203828495c,319,1,1,0.017857143,0.4,-1,Sordariomycetes,1,1,0,2,1,1,2,-2.03E-50,Nectriaceae,Fusarium,1,FALSE,Fungi,319,,Unclustered,0.666666667,319,0,2.5,Hypocreales,319,1,0,Ascomycota,2,0.002159827,2,FALSE,0,319,1,0
60,75a3e20e916ee5ec7dceae34a1bc0209,59,1,0,0,0,-1,Actinobacteria,1,1,0.5,2,1,1,2,1.69E-50,Actinomycetaceae,Actinomyces,1,FALSE,Bacteria,59,Cluster 5,Clustered,2,59,0,3,Actinomycetales,59,1,0,Actinobacteriota,2,0.002159827,1,FALSE,0,59,0,0
43,45e3696d78d57fc35094a6cf67e6414b,42,1,0,0,0,-2,Bacilli,2,1,0.5,2,1,1,2,-7.44E-36,Paenibacillaceae,Paenibacillus,0,FALSE,Bacteria,42,Cluster 5,Seed,2,42,0,3,Paenibacillales,42,2,0,Firmicutes,2,0.002164502,1,FALSE,0,42,0,0
263,0908cda00e89f73be7a77ccd53167e3a,148,1.5,0,0,0,-4,Sordariomycetes,3,0.666666667,0,2,2,0.5,2,4.26E-36,Trichosphaeriaceae,Nigrospora,0,FALSE,Fungi,148,,Unclustered,0.666666667,148,0,2,Trichosphaeriales,148,2,0,Ascomycota,2,0.002169197,3,FALSE,0,148,0,0
539,fb85af020c9c974efe524230ec4c13cd,428,1,0,0,0,-1,Tremellomycetes,1,1,0.5,2,1,1,2,2.58E-36,Naemateliaceae,Dimennazyma,1,FALSE,Fungi,428,Cluster 3,Seed,2,428,0,3,Tremellales,428,1,0,Basidiomycota,2,0.002159827,2,FALSE,0,428,0,0
598,9e5ac2775f22b5297ded1c4dd398ea79,331,1,0,0,0,-1,Dothideomycetes,1,1,0,1,1,1,1,1.45E-35,Phaeosphaeriaceae,Phaeosphaeriaceae,0,FALSE,Fungi,331,,Unclustered,0,331,0,2,Pleosporales,331,1,0,Ascomycota,1,0.002159827,2,FALSE,0,331,0,0
456,7efc9805afda1187988172fd59c54a85,295,0,0,0,0,0,Dothideomycetes,0,0,0,1,0,0,1,9.18E-52,Massarinaceae,Stagonospora,1,FALSE,Fungi,295,,Unclustered,0,295,0,1,Pleosporales,295,0,0,Ascomycota,1,0.002155172,2,FALSE,0,295,0,0
654,fcf701bec0b37d26eaca01060609c805,432,1,0,0,0,-1,Dothideomycetes,1,1,0,1,1,1,1,7.02E-37,Didymosphaeriaceae,Pseudopithomyces,0,FALSE,Fungi,432,,Unclustered,0,432,0,1,Pleosporales,432,1,0,Ascomycota,1,0.002159827,2,FALSE,0,432,0,0
453,7c0ef5956d54799db0950f167cec501a,291,0,0,0,0,0,Tremellomycetes,0,0,0,1,0,0,1,1.11E-50,Rhynchogastremataceae,Papiliotrema,1,FALSE,Fungi,291,,Unclustered,0,291,0,1,Tremellales,291,0,0,Basidiomycota,1,0.002155172,2,FALSE,0,291,0,0
313,24c56ea2e4ad333c822cbbd660dab67c,182,1,0,0,0,-1,Dothideomycetes,1,1,0,1,1,1,1,1.84E-35,Lentitheciaceae,Keissleriella,0,FALSE,Fungi,182,,Unclustered,0,182,0,1,Pleosporales,182,1,0,Ascomycota,1,0.002159827,2,FALSE,0,182,0,0
29,2f7db29d89aa3dce7453fcc7348598e9,28,1,0,0,0,-1,Gammaproteobacteria,1,1,0,1,1,1,1,-2.36E-36,Pseudomonadaceae,Pseudomonas,0,FALSE,Bacteria,28,,Unclustered,0,28,0,4,Pseudomonadales,28,1,0,Proteobacteria,1,0.002159827,1,FALSE,0,28,0,0
432,62c51697f165c23db15278033df88b09,261,2,0,0,0,-4,Sordariomycetes,2.333333333,0.5,0,1,3,0.333333333,1,-5.31E-39,Hypocreales_fam_Incertae_sedis,Sarocladium,0,FALSE,Fungi,261,,Unclustered,0,261,0,5,Hypocreales,261,1,0,Ascomycota,1,0.002166065,2,FALSE,0,261,0,0
2644,0b7c94172996da0d467eb4852bc4dae6,152,0,0,0,0,0,Dothideomycetes,0,0,0,1,0,0,1,-1.87E-51,Didymellaceae,Didymellaceae,1,FALSE,Fungi,152,,Unclustered,0,152,0,2,Pleosporales,152,0,0,Ascomycota,1,0.002155172,2,FALSE,0,152,0,0
372,610e947f8b18cdd8d9348138281e7096,257,0,0,0,0,0,Exobasidiomycetes,0,0,0,1,0,0,1,1.34E-53,Quambalariaceae,Quambalaria,1,FALSE,Fungi,257,,Unclustered,0,257,0,1,Microstromatales,257,0,0,Basidiomycota,1,0.002155172,3,FALSE,0,257,0,0
548,e164dc9153bf15ee74e118083489b4a0,396,1,0,0,0,-1,Dothideomycetes,1,1,0,1,1,1,1,-1.60E-38,Didymellaceae,Epicoccum,0,FALSE,Fungi,396,,Unclustered,0,396,0,1,Pleosporales,396,1,0,Ascomycota,1,0.002159827,2,FALSE,0,396,0,0
9168,a2d16c8c37b2ff028343fa7c0642d40e,336,1.5,0,0,0,-2,Dothideomycetes,1.5,0.666666667,0,1,2,0.5,1,-4.84E-39,Mycosphaerellaceae,Mycosphaerellaceae,0,FALSE,Fungi,336,,Unclustered,0,336,0,2,Capnodiales,336,1,0,Ascomycota,1,0.002162162,2,FALSE,0,336,0,0
813,db090870d049b2738845518cb2d14fee,391,1,0,0,0,-1,Dothideomycetes,1,1,0,1,1,1,1,1.69E-36,Didymosphaeriaceae,Paraphaeosphaeria,0,FALSE,Fungi,391,,Unclustered,0,391,0,2,Pleosporales,391,1,0,Ascomycota,1,0.002159827,4,FALSE,0,391,0,0
709,1422a32cf49e6e42057293a271d9633d,161,0,0,0,0,0,Sordariomycetes,0,0,0,1,0,0,1,-2.66E-38,Sporocadaceae,Pestalotiopsis,1,FALSE,Fungi,161,,Unclustered,0,161,0,2,Xylariales,161,0,0,Ascomycota,1,0.002155172,2,FALSE,0,161,0,0
2908,295a01a25ce430ee802dc00c5a8c71bd,186,0,0,0,0,0,Sordariomycetes,0,0,0,1,0,0,1,-2.85E-52,Sporocadaceae,Neopestalotiopsis,1,FALSE,Fungi,186,,Unclustered,0,186,0,1,Xylariales,186,0,0,Ascomycota,1,0.002155172,3,FALSE,0,186,0,0
309,139e832c69fb177d68bb0f5cb8594845,15,1,0,0,0,-1,Campylobacteria,1,1,0,1,1,1,1,-7.09E-38,Campylobacteraceae,Campylobacter,0,FALSE,Bacteria,15,,Unclustered,0,15,0,1,Campylobacterales,15,1,0,Campilobacterota,1,0.002159827,2,FALSE,0,15,0,0
129,e4304c9496921fcf8a88c1ef30dfd0eb,128,1,0,0,0,-1,Alphaproteobacteria,1,1,0,1,1,1,1,1.90E-37,Sphingomonadaceae,Sphingomonadaceae,0,FALSE,Bacteria,128,,Unclustered,0,128,0,4,Sphingomonadales,128,1,0,Proteobacteria,1,0.002159827,1,FALSE,0,128,0,0
3121,d7412c23bfe37d2b4108c98eb0f2d3a3,388,0,0,0,0,0,Dothideomycetes,0,0,0,1,0,0,1,2.66E-38,Cladosporiaceae,Cladosporium,1,FALSE,Fungi,388,,Unclustered,0,388,0,2,Capnodiales,388,0,0,Ascomycota,1,0.002155172,5,FALSE,0,388,0,0
1426,9290bf71801644ad69fa09e2d3051852,75,0,0,0,0,0,Gammaproteobacteria,0,0,0,1,0,0,1,-7.27E-50,Enterobacterales,Enterobacterales,1,FALSE,Bacteria,75,,Unclustered,0,75,0,4,Enterobacterales,75,0,0,Proteobacteria,1,0.002155172,6,FALSE,0,75,0,0
577,f78cd9c16b8fb52115d52532e47e447d,422,0,0,0,0,0,Sordariomycetes,0,0,0,1,0,0,1,-2.22E-52,Hypocreales_fam_Incertae_sedis,Sarocladium,1,FALSE,Fungi,422,,Unclustered,0,422,0,1,Hypocreales,422,0,0,Ascomycota,1,0.002155172,2,FALSE,0,422,0,0
386,6cbbdc1cd3b612a540aa26e23dd41f28,271,1,0,0,0,-1,Sordariomycetes,1,1,0,1,1,1,1,1.83E-35,Sporocadaceae,Pestalotiopsis,0,FALSE,Fungi,271,,Unclustered,0,271,0,1,Xylariales,271,1,0,Ascomycota,1,0.002159827,3,FALSE,0,271,0,0
323,86d6db0b6e15510fa5d27ceae8fd5e0d,69,0,0,0,0,0,Gammaproteobacteria,0,0,0,1,0,0,1,-1.56E-52,Pseudomonadaceae,Pseudomonas,1,FALSE,Bacteria,69,,Unclustered,0,69,0,1,Pseudomonadales,69,0,0,Proteobacteria,1,0.002155172,2,FALSE,0,69,0,0
207,707b113b58cc9de53a12b87bc12ae3a1,58,1,0,0,0,-1,Gammaproteobacteria,1,1,0,1,1,1,1,-6.26E-38,Xanthomonadaceae,Stenotrophomonas,0,FALSE,Bacteria,58,,Unclustered,0,58,0,1,Xanthomonadales,58,1,0,Proteobacteria,1,0.002159827,2,FALSE,0,58,0,0
575,3f1913b25f6ccc032a7335dd0048707c,218,1,0,0,0,-1,Dothideomycetes,1,1,0,1,1,1,1,4.60E-35,Pleosporaceae,Alternaria,0,FALSE,Fungi,218,,Unclustered,0,218,0,2,Pleosporales,218,1,0,Ascomycota,1,0.002159827,2,FALSE,0,218,0,0
568,c22cee03e50e1ddaf9dcbc27404e3fd3,368,0,0,0,0,0,Tremellomycetes,0,0,0,1,0,0,1,1.98E-51,Rhynchogastremataceae,Papiliotrema,1,FALSE,Fungi,368,,Unclustered,0,368,0,2,Tremellales,368,0,0,Basidiomycota,1,0.002155172,4,FALSE,0,368,0,0
1247,a2c72eb54418544865f6419996a7bc6d,335,0,0,0,0,0,Cystobasidiomycetes,0,0,0,1,0,0,1,1.04E-51,Symmetrosporaceae,Symmetrospora,1,FALSE,Fungi,335,,Unclustered,0,335,0,1,Cystobasidiomycetes_ord_Incertae_sedis,335,0,0,Basidiomycota,1,0.002155172,5,FALSE,0,335,0,0
650,476213535665a1076b2c5457d0699e19,233,1,0,0,0,-1,Sordariomycetes,1,1,0,1,1,1,1,-6.89E-37,Hypocreales_fam_Incertae_sedis,Sarocladium,0,FALSE,Fungi,233,,Unclustered,0,233,0,1,Hypocreales,233,1,0,Ascomycota,1,0.002159827,4,FALSE,0,233,0,0
471,519a47650ee7a90580f77af1816ed81f,243,1,0,0,0,-1,Dothideomycetes,1,1,0,1,1,1,1,-5.85E-35,Periconiaceae,Periconia,0,FALSE,Fungi,243,,Unclustered,0,243,0,3,Pleosporales,243,1,0,Ascomycota,1,0.002159827,2,FALSE,0,243,0,0
587,ede3c61fc2e8524ff34109bc965e90e8,410,0,0,0,0,0,Sordariomycetes,0,0,0,1,0,0,1,1.28E-52,Clavicipitaceae,Claviceps,1,FALSE,Fungi,410,,Unclustered,0,410,0,1,Hypocreales,410,0,0,Ascomycota,1,0.002155172,3,FALSE,0,410,0,0
486,c1696768f1fb5f80b94fbf0d4b825bc0,367,1,0,0,0,-1,Microbotryomycetes,1,1,0,1,1,1,1,1.09E-36,Sporidiobolaceae,Rhodotorula,0,FALSE,Fungi,367,,Unclustered,0,367,0,1,Sporidiobolales,367,1,0,Basidiomycota,1,0.002159827,2,FALSE,0,367,0,0
150,7a9313b572df3efbbf07843dd102896c,63,1,0,0,0,-1,Gammaproteobacteria,1,1,0,1,1,1,1,4.03E-37,Halomonadaceae,Kushneria,0,FALSE,Bacteria,63,,Unclustered,0,63,0,2,Oceanospirillales,63,1,0,Proteobacteria,1,0.002159827,3,FALSE,0,63,0,0
2515,183bd70636858654a9dfd564a83358a2,165,0,0,0,0,0,Sordariomycetes,0,0,0,1,0,0,1,9.49E-52,Plectosphaerellaceae,Plectosphaerella,1,FALSE,Fungi,165,,Unclustered,0,165,0,1,Glomerellales,165,0,0,Ascomycota,1,0.002155172,4,FALSE,0,165,0,0
618,aee494ed780deb4f67284bfaaee05229,94,1,0,0,0,-1,Bacteroidia,1,1,0,1,1,1,1,-7.41E-35,Amoebophilaceae,Candidatus_Cardinium,0,FALSE,Bacteria,94,,Unclustered,0,94,0,1,Cytophagales,94,1,0,Bacteroidota,1,0.002159827,2,FALSE,0,94,0,0
476,c793386676626d43b8e910db897cc2b3,373,0,0,0,0,0,Cystobasidiomycetes,0,0,0,1,0,0,1,3.94E-36,Erythrobasidiaceae,Erythrobasidium,1,FALSE,Fungi,373,,Unclustered,0,373,0,2,Erythrobasidiales,373,0,0,Basidiomycota,1,0.002155172,2,FALSE,0,373,0,0
400,7f762e1b28df06083d699eee075cd9bd,296,1.5,0,0,0,-2,Dothideomycetes,1.5,0.666666667,0,1,2,0.5,1,-1.45E-35,Didymosphaeriaceae,Pseudopithomyces,0,FALSE,Fungi,296,,Unclustered,0,296,0,2,Pleosporales,296,1,0,Ascomycota,1,0.002162162,2,FALSE,0,296,0,0
223,ca6c2b3b469c08212142e8821c65882a,113,1,0,0,0,-1,Gammaproteobacteria,1,1,0,1,1,1,1,8.28E-36,Oxalobacteraceae,Massilia,0,FALSE,Bacteria,113,,Unclustered,0,113,0,2,Burkholderiales,113,1,0,Proteobacteria,1,0.002159827,2,FALSE,0,113,0,0
588,e4a73cf442fc0bd8279dab8f0ce09dab,398,0,0,0,0,0,Tremellomycetes,0,0,0,1,0,0,1,-3.15E-39,Rhynchogastremataceae,Papiliotrema,1,FALSE,Fungi,398,,Unclustered,0,398,0,3,Tremellales,398,0,0,Basidiomycota,1,0.002155172,2,FALSE,0,398,0,0
519,d3b6d627f63463264786cf9afff3f480,384,0,0,0,0,0,Dothideomycetes,0,0,0,1,0,0,1,-3.94E-36,Didymosphaeriaceae,Paraphaeosphaeria,1,FALSE,Fungi,384,,Unclustered,0,384,0,2,Pleosporales,384,0,0,Ascomycota,1,0.002155172,2,FALSE,0,384,0,0
390,4c3e393d92484653a324e2640e7170af,240,1.5,0,0,0,-2,Dothideomycetes,1.5,0.666666667,0,1,2,0.5,1,-6.15E-36,Aureobasidiaceae,Aureobasidium,0,FALSE,Fungi,240,,Unclustered,0,240,0,2,Dothideales,240,1,0,Ascomycota,1,0.002162162,3,FALSE,0,240,0,0
15987,ca5dbe655438b249d51eb24dec7355e8,375,0,0,0,0,0,Sordariomycetes,0,0,0,1,0,0,1,-1.52E-50,Nectriaceae,Fusarium,1,FALSE,Fungi,375,,Unclustered,0,375,0,2,Hypocreales,375,0,0,Ascomycota,1,0.002155172,4,FALSE,0,375,0,0
485,9b7a1d8b9da352fbcf23e400f86bdef9,326,1,0,0,0,-1,Tremellomycetes,1,1,0,1,1,1,1,-1.29E-36,Bulleribasidiaceae,Vishniacozyma,0,FALSE,Fungi,326,,Unclustered,0,326,0,2,Tremellales,326,1,0,Basidiomycota,1,0.002159827,2,FALSE,0,326,0,0
522,8ef98cf6b73e89ceacfafe2e68fd1b36,314,1,0,0,0,-1,Dothideomycetes,1,1,0,1,1,1,1,-7.73E-36,Aureobasidiaceae,Aureobasidium,0,FALSE,Fungi,314,,Unclustered,0,314,0,3,Dothideales,314,1,0,Ascomycota,1,0.002159827,2,FALSE,0,314,0,0
6554,11386b14f95ec9168be2a95f50718de7,13,1.5,0,0,0,-2,Gammaproteobacteria,1.5,0.666666667,0,1,2,0.5,1,-1.09E-34,Morganellaceae,Morganellaceae,0,FALSE,Bacteria,13,,Unclustered,0,13,0,2,Enterobacterales,13,1,0,Proteobacteria,1,0.002162162,6,FALSE,0,13,0,0
3101,9ebc2e0a15296e46d6e67434c77d199b,332,0,0,0,0,0,Dothideomycetes,0,0,0,1,0,0,1,-1.17E-50,Sporormiaceae,Preussia,1,FALSE,Fungi,332,,Unclustered,0,332,0,1,Pleosporales,332,0,0,Ascomycota,1,0.002155172,10,FALSE,0,332,0,0
1437,38c659bf071173b846ae2c1a916370d6,209,1,0,0,0,-1,Tremellomycetes,1,1,0,1,1,1,1,-4.72E-36,Filobasidiaceae,Filobasidium,0,FALSE,Fungi,209,,Unclustered,0,209,0,1,Filobasidiales,209,1,0,Basidiomycota,1,0.002159827,6,FALSE,0,209,0,0
386,704f14de64ae7fcf03dd36bd1f28ebd9,275,0,0,0,0,0,Sordariomycetes,0,0,0,1,0,0,1,-1.71E-50,Magnaporthaceae,Magnaporthe,1,FALSE,Fungi,275,,Unclustered,0,275,0,1,Magnaporthales,275,0,0,Ascomycota,1,0.002155172,4,FALSE,0,275,0,0
540,f293dcb354ed13fdb2cd017e835a5b93,416,1,0,0,0,-1,Microbotryomycetes,1,1,0,1,1,1,1,-1.82E-35,Sporidiobolaceae,Sporobolomyces,0,FALSE,Fungi,416,,Unclustered,0,416,0,1,Sporidiobolales,416,1,0,Basidiomycota,1,0.002159827,3,FALSE,0,416,0,0
650,77a1e8bc25be2a0afd352762ed9497ce,62,0,0,0,0,0,Gammaproteobacteria,0,0,0,1,0,0,1,-9.84E-51,Pseudomonadaceae,Pseudomonas,1,FALSE,Bacteria,62,,Unclustered,0,62,0,1,Pseudomonadales,62,0,0,Proteobacteria,1,0.002155172,3,FALSE,0,62,0,0
2378,f48cbba2fe7a2cba3df1c5bcffc1fa83,134,1,0,0,0,-1,Gammaproteobacteria,1,1,0,1,1,1,1,-1.03E-35,Oxalobacteraceae,Massilia,0,FALSE,Bacteria,134,,Unclustered,0,134,0,1,Burkholderiales,134,1,0,Proteobacteria,1,0.002159827,5,FALSE,0,134,0,0
535,f2eb63c995c0576e7925684a5eda7087,417,0,0,0,0,0,Dothideomycetes,0,0,0,1,0,0,1,1.44E-50,Phaeosphaeriaceae,Phaeosphaeria,1,FALSE,Fungi,417,,Unclustered,0,417,0,1,Pleosporales,417,0,0,Ascomycota,1,0.002155172,4,FALSE,0,417,0,0
442,9c6fe943e913c7ed2b88a61d6b5bb7b8,329,1,0,0,0,-1,Dothideomycetes,1,1,0,1,1,1,1,1.17E-36,Didymellaceae,Epicoccum,0,FALSE,Fungi,329,,Unclustered,0,329,0,1,Pleosporales,329,1,0,Ascomycota,1,0.002159827,3,FALSE,0,329,0,0
6086,09046ed86ee55f052656d1e34b1d2217,147,0,0,0,0,0,Dothideomycetes,0,0,0,1,0,0,1,7.07E-52,Dothideomycetes,Dothideomycetes,1,FALSE,Fungi,147,,Unclustered,0,147,0,1,Dothideomycetes,147,0,0,Ascomycota,1,0.002155172,8,FALSE,0,147,0,0
146,0038650a5fd9da4a46ea58900b8c5b68,1,1,0,0,0,-1,Bacteria,1,1,0,1,1,1,1,3.59E-36,Bacteria,Bacteria,0,FALSE,Bacteria,1,,Unclustered,0,1,0,1,Bacteria,1,1,0,Bacteria,1,0.002159827,2,FALSE,0,1,0,0
367,4435b9b859268c6bc83348c6d013a1eb,225,0,0,0,0,0,Sordariomycetes,0,0,0,1,0,0,1,-1.82E-37,Bartaliniaceae,Bartalinia,1,FALSE,Fungi,225,,Unclustered,0,225,0,2,Xylariales,225,0,0,Ascomycota,1,0.002155172,2,FALSE,0,225,0,0
660,3acbf9b33248c0a1acf867477a455629,213,0,0,0,0,0,Dothideomycetes,0,0,0,1,0,0,1,-2.70E-50,Pleosporales,Pleosporales,1,FALSE,Fungi,213,,Unclustered,0,213,0,1,Pleosporales,213,0,0,Ascomycota,1,0.002155172,4,FALSE,0,213,0,0
486,2a95d3a41f92ca614c0081f296336fa1,190,1,0,0,0,-1,Dothideomycetes,1,1,0,1,1,1,1,1.20E-34,Didymellaceae,Didymellaceae,0,FALSE,Fungi,190,,Unclustered,0,190,0,1,Pleosporales,190,1,0,Ascomycota,1,0.002159827,2,FALSE,0,190,0,0
181,151338ece9ac0dcd5feb3b68c476040d,16,0,0,0,0,0,Bacteria,0,0,0,1,0,0,1,1.41E-38,Bacteria,Bacteria,1,FALSE,Bacteria,16,,Unclustered,0,16,0,4,Bacteria,16,0,0,Bacteria,1,0.002155172,2,FALSE,0,16,0,0
498,9b894aff3ef8e8330a0b2c11a12c88e6,327,1,0,0,0,-1,Tremellomycetes,1,1,0,1,1,1,1,-2.21E-36,Rhynchogastremataceae,Papiliotrema,0,FALSE,Fungi,327,,Unclustered,0,327,0,3,Tremellales,327,1,0,Basidiomycota,1,0.002159827,2,FALSE,0,327,0,0