"abundance","ASV","ASVNumber","AverageShortestPathLength","BetweennessCentrality","Class","ClosenessCentrality","ClusteringCoefficient","degree","Eccentricity","EdgeCount","Genus","Indegree","IsSingleNode","Kingdom","Label","name","negdegree","NeighborhoodConnectivity","Order","oriID","Outdegree","PartnerOfMultiEdgedNodePairs","Phylum","posdegree","samplecount","selected","SelfLoops","shared name","Stress","unknowndegree"
"2416.0","Quambalaria","610e947f8b18cdd8d9348138281e7096","2.7142857142857144","2.4142857142857146","Exobasidiomycetes","0.3684210526315789","0.5","8","6","8","Quambalariaceae","3","false","Fungi","392","392","0","5.25","Microstromatales","392","5","4","Basidiomycota","8","2","false","0","392","916","0"
"340.0","Jatrophihabitans","23f9772c4a17bd12b53c1109aeeb44b5","3.142857142857143","2.2253968253968255","Actinobacteria","0.3181818181818182","0.40476190476190477","14","7","14","Frankiaceae","8","false","Bacteria","36","36","0","4.285714285714286","Frankiales","36","6","7","Actinobacteriota","14","2","false","0","36","747","0"
"577.0","Zygosporium","ad2fb02dab42cb48fe1a33ea6c6474c0","1.375","1.1369047619047616","Sordariomycetes","0.7272727272727273","0.35","10","2","10","Xylariaceae","2","false","Fungi","452","452","0","4.6","Xylariales","452","8","5","Ascomycota","10","2","false","0","452","78","0"
"404.0","Acidiphilium","fc7ba28e2168a6e554856b25a1153d79","1.75","0.6369047619047619","Alphaproteobacteria","0.5714285714285714","0.43333333333333335","12","3","12","Acetobacteraceae","7","false","Bacteria","297","297","0","5.0","Acetobacterales","297","5","6","Proteobacteria","12","2","false","0","297","72","0"
"2050.0","Cystostereaceae","13d714e026ea98d39048d46088bbb27e","2.7142857142857144","0.0","Agaricomycetes","0.3684210526315789","0.6666666666666666","8","6","8","Cystostereaceae","1","false","Fungi","323","323","0","5.25","Agaricales","323","7","4","Basidiomycota","8","2","false","0","323","0","0"
"670.0","Sphingomonas","d3352b6112807e0af3deb9ac0aba0112","1.0","0.0","Alphaproteobacteria","1.0","0.8333333333333334","6","1","6","Sphingomonadaceae","1","false","Bacteria","238","238","0","3.0","Sphingomonadales","238","5","3","Proteobacteria","6","2","false","0","238","0","0"
"207.0","Pseudomonas","428e4a80a1e14a59d72810a32f62f434","1.0","0.8333333333333333","Gammaproteobacteria","1.0","0.5","6","1","6","Pseudomonadaceae","3","false","Bacteria","72","72","0","3.0","Pseudomonadales","72","3","3","Proteobacteria","6","2","false","0","72","5","0"
"1148.0","Exophiala","82e152764a1a9203a9ab95de22170a25","1.0","0.0","Eurotiomycetes","1.0","0.0","2","1","2","Herpotrichiellaceae","1","false","Fungi","422","422","0","1.0","Chaetothyriales","422","1","1","Ascomycota","2","2","false","0","422","0","0"
"1322.0","Trichoderma","8202b2f303c60ff8f62f11f62487f88d","1.0","0.0","Sordariomycetes","1.0","0.0","2","1","2","Hypocreaceae","1","false","Fungi","421","421","0","1.0","Hypocreales","421","1","1","Ascomycota","2","7","false","0","421","0","0"
"364.0","Acidisoma","6ec93155a0abc4b1bf2806e1e2e83307","1.8","0.9444444444444445","Alphaproteobacteria","0.5555555555555556","0.3333333333333333","6","3","6","Acetobacteraceae","4","false","Bacteria","115","115","0","2.6666666666666665","Acetobacterales","115","2","3","Proteobacteria","6","5","false","0","115","93","0"
"358.0","Acidisoma","7e2ec3d305fd9eff3eb928becc99b2e9","1.4","1.8833333333333333","Alphaproteobacteria","0.7142857142857143","0.3333333333333333","8","2","8","Acetobacteraceae","5","false","Bacteria","132","132","0","3.0","Acetobacterales","132","3","4","Proteobacteria","8","2","false","0","132","187","0"
"492.0","Penicillium","4fd62a6d1762af80dbab0afb333923a0","1.5","0.0","Eurotiomycetes","0.6666666666666666","0.0","2","2","2","Aspergillaceae","1","false","Fungi","373","373","0","2.0","Eurotiales","373","1","1","Ascomycota","2","6","false","0","373","0","0"
"614.0","Herpotrichiellaceae","de24efa90c417ceca625f76f6bba3a18","1.0","0.5","Eurotiomycetes","1.0","0.0","4","1","4","Herpotrichiellaceae","1","false","Fungi","486","486","0","1.5","Chaetothyriales","486","3","2","Ascomycota","4","3","false","0","486","3","0"
"306.0","Beijerinckiaceae","095d4f88b91691c3e0dc2ed7b4054739","1.0","0.20833333333333331","Alphaproteobacteria","1.0","0.75","10","1","10","Beijerinckiaceae","2","false","Bacteria","11","11","0","5.0","Rhizobiales","11","8","5","Proteobacteria","10","2","false","0","11","10","0"
"10776.0","Gloniopsis","45e9dbeb4c6f81629d1d1310e078c05d","1.2","0.2583333333333333","Dothideomycetes","0.8333333333333334","0.7","10","2","10","Hysteriaceae","5","false","Fungi","364","364","0","5.0","Hysteriales","364","5","5","Ascomycota","10","2","false","0","364","12","0"
"466.0","Neofusicoccum","435ffff0e2360a02bef1e19e74f2a7a8","1.0","0.0","Dothideomycetes","1.0","0.0","2","1","2","Botryosphaeriaceae","1","false","Fungi","361","361","0","1.0","Botryosphaeriales","361","1","1","Ascomycota","2","2","false","0","361","0","0"
"573.0","Pestalotiopsis","ab03f1df554dd006f22f5064a432d046","1.0","0.0","Sordariomycetes","1.0","0.0","2","1","2","Sporocadaceae","1","false","Fungi","450","450","0","1.0","Xylariales","450","1","1","Ascomycota","2","3","false","0","450","0","0"
"986.0","Pestalotiopsis","764963d63e736561fbf3e7e7baceb754","1.25","1.0833333333333333","Sordariomycetes","0.8","0.5","6","2","6","Sporocadaceae","2","false","Fungi","412","412","0","3.3333333333333335","Xylariales","412","4","3","Ascomycota","6","5","false","0","412","13","0"
"467.0","Sphingomonas","a4bdc7ac623bd61af36a78c9b156dcea","1.25","0.0","Alphaproteobacteria","0.8","0.6666666666666666","6","2","6","Sphingomonadaceae","1","false","Bacteria","178","178","0","3.3333333333333335","Sphingomonadales","178","5","3","Proteobacteria","6","3","false","0","178","0","0"
"621.0","Capnodiales","f895b0acb109f5d3bc1adb5d0360213f","1.75","0.0","Dothideomycetes","0.5714285714285714","0.3333333333333333","6","3","6","Capnodiales","1","false","Fungi","509","509","0","4.333333333333333","Capnodiales","509","5","3","Ascomycota","6","2","false","0","509","0","0"
"673.0","Rhizobiales","e35dbd7c50f8902e535eefbb222eb7be","2.9285714285714284","3.3809523809523814","Alphaproteobacteria","0.34146341463414637","0.0","4","5","4","Rhizobiales","2","false","Bacteria","262","262","0","3.0","Rhizobiales","262","2","2","Proteobacteria","4","2","false","0","262","930","0"
"655.0","Sphingomonas","afa236a22e5809c2c31a1191dd542a8e","2.5714285714285716","4.1000000000000005","Alphaproteobacteria","0.38888888888888884","0.0","6","4","6","Sphingomonadaceae","2","false","Bacteria","194","194","0","2.3333333333333335","Sphingomonadales","194","4","3","Proteobacteria","6","2","false","0","194","1167","0"
"1410.0","Acidocella","ee48d02142e5a396241fb18b178dbf2a","2.5","4.133333333333334","Alphaproteobacteria","0.4","0.4166666666666667","8","5","8","Acetobacteraceae","5","false","Bacteria","278","278","0","4.5","Acetobacterales","278","3","4","Proteobacteria","8","2","false","0","278","1211","0"
"241.0","Devosia","1c2b8892a0d7f828d72808cd01cfd199","1.0","0.625","Alphaproteobacteria","1.0","0.7","10","1","10","Devosiaceae","3","false","Bacteria","25","25","0","5.0","Rhizobiales","25","7","5","Proteobacteria","10","2","false","0","25","19","0"
"488.0","Trichoderma","1622f266864a8b34e72b502f9d481f3a","1.0","0.0","Sordariomycetes","1.0","0.0","2","1","2","Hypocreaceae","1","false","Fungi","325","325","0","1.0","Hypocreales","325","1","1","Ascomycota","2","2","false","0","325","0","0"
"729.0","Xylaria","dbe220b0d61f2e09f9b6b8100c64bdac","1.0","0.0","Sordariomycetes","1.0","0.0","2","1","2","Xylariaceae","1","false","Fungi","484","484","0","1.0","Xylariales","484","1","1","Ascomycota","2","2","false","0","484","0","0"
"760.0","Microcera","cd5c89b1e01c2ee418445713c7ef2e1a","3.75","0.9777777777777779","Sordariomycetes","0.26666666666666666","0.0","4","6","4","Nectriaceae","3","false","Fungi","472","472","0","2.0","Hypocreales","472","1","2","Ascomycota","4","2","false","0","472","88","0"
"316.0","Acidiphilium","9da23eaf1c48813a2b7c04d9b43ceb74","2.875","1.2","Alphaproteobacteria","0.34782608695652173","0.16666666666666666","6","5","6","Acetobacteraceae","3","false","Bacteria","172","172","0","2.3333333333333335","Acetobacterales","172","3","3","Proteobacteria","6","3","false","0","172","108","0"
"1937.0","Beijerinckiaceae","054440c6f4abc75f0ee808fb39db2299","1.0","0.0","Alphaproteobacteria","1.0","0.0","2","1","2","Beijerinckiaceae","0","false","Bacteria","9","9","0","1.0","Rhizobiales","9","2","1","Proteobacteria","2","5","false","0","9","0","0"
"430.0","Actinoplanes","0292564bd1fbde11a44c980bcb6a78e0","0.0","0.0","Actinobacteria","0.0","0.0","2","0","2","Micromonosporaceae","2","false","Bacteria","5","5","0","1.0","Micromonosporales","5","0","1","Actinobacteriota","2","3","false","0","5","0","0"
"466.0","Enterobacterales","9290bf71801644ad69fa09e2d3051852","1.3333333333333333","0.0","Gammaproteobacteria","0.75","0.8333333333333334","6","2","6","Enterobacterales","3","false","Bacteria","155","155","0","3.0","Enterobacterales","155","3","3","Proteobacteria","6","2","false","0","155","0","0"
"741.0","Diplodia","5b457d5efc31c2922da5d5e9639606a6","2.5","1.2666666666666666","Dothideomycetes","0.4","0.16666666666666666","6","4","6","Botryosphaeriaceae","4","false","Fungi","384","384","0","2.6666666666666665","Botryosphaeriales","384","2","3","Ascomycota","6","3","false","0","384","114","0"
"342.0","Beijerinckiaceae","d4d337b9acbfb571b370e5bda73c9b63","1.25","0.22727272727272724","Alphaproteobacteria","0.8","0.5333333333333333","12","2","12","Beijerinckiaceae","2","false","Bacteria","240","240","0","5.166666666666667","Rhizobiales","240","10","6","Proteobacteria","12","2","false","0","240","61","0"
"636.0","Trichoderma","7b6ef155429b51d926b9d917a42c7568","1.75","0.0606060606060606","Sordariomycetes","0.5714285714285714","0.6","10","3","10","Hypocreaceae","5","false","Fungi","415","415","0","5.6","Hypocreales","415","5","5","Ascomycota","10","2","false","0","415","19","0"
"858.0","Cytospora","e8d13463a1a553bc0ca77cab33c0146b","4.733333333333333","0.0","Sordariomycetes","0.2112676056338028","0.5","6","8","6","Valsaceae","0","false","Fungi","494","494","0","3.0","Diaporthales","494","6","3","Ascomycota","6","2","false","0","494","0","0"
"608.0","Acetobacteraceae","fa5191f903af27e9d73679413d5dc55b","4.214285714285714","0.1142857142857143","Alphaproteobacteria","0.23728813559322035","0.5","6","7","6","Acetobacteraceae","3","false","Bacteria","292","292","0","3.3333333333333335","Acetobacterales","292","3","3","Proteobacteria","6","3","false","0","292","48","0"
"5299.0","Kineosporia","d0bd24da551a53d14c2d0c7ac2e00d04","1.4","0.0","Actinobacteria","0.7142857142857143","0.8","10","2","10","Kineosporiaceae","5","false","Bacteria","235","235","0","5.0","Kineosporiales","235","5","5","Actinobacteriota","10","3","false","0","235","0","0"
"9090.0","Cellulomonas","9cfb89b1a4f17a815dd1c36557343fde","1.6","0.13333333333333333","Actinobacteria","0.625","0.75","10","2","10","Cellulomonadaceae","8","false","Bacteria","169","169","0","5.0","Micrococcales","169","2","5","Actinobacteriota","10","4","false","0","169","7","0"
"456.0","Valsa","11b53c8766cf61e4a7d6925a9b3c6920","1.625","1.5892857142857144","Sordariomycetes","0.6153846153846154","0.5666666666666667","12","2","12","Valsaceae","9","false","Fungi","320","320","0","5.166666666666667","Diaporthales","320","3","6","Ascomycota","12","4","false","0","320","112","0"
"602.0","Ascomycota","8e47237dda4929c4b9babc1a1b65c74d","1.25","1.1742424242424239","Ascomycota","0.8","0.3","12","2","12","Ascomycota","4","false","Fungi","433","433","0","4.666666666666667","Ascomycota","433","8","6","Ascomycota","12","3","false","0","433","203","0"
"376.0","Beijerinckiaceae","e4a9c1dc7739105bfbd086ec4faf137a","2.125","0.0","Alphaproteobacteria","0.47058823529411764","1.0","4","3","4","Beijerinckiaceae","3","false","Bacteria","264","264","0","6.0","Rhizobiales","264","1","2","Proteobacteria","4","4","false","0","264","0","0"
"346.0","Caulobacteraceae","37ceb1ef59703bf6ff6eb686d0dc2dd7","1.0","0.0","Alphaproteobacteria","1.0","0.0","2","1","2","Caulobacteraceae","1","false","Bacteria","56","56","0","1.0","Caulobacterales","56","1","1","Proteobacteria","2","2","false","0","56","0","0"
"1645.0","Streptomyces","889f1bc31887efea2354ba099342a203","1.0","0.0","Actinobacteria","1.0","0.0","2","1","2","Streptomycetaceae","1","false","Bacteria","145","145","0","1.0","Streptomycetales","145","1","1","Actinobacteriota","2","3","false","0","145","0","0"
"198.0","Allorhizobium-Neorhizobium-Pararhizobium-Rhizobium","4e5da964c0fcac4dc19ea8b1440e9794","1.8","1.4722222222222223","Alphaproteobacteria","0.5555555555555556","0.16666666666666666","6","3","6","Rhizobiaceae","4","false","Bacteria","88","88","0","3.3333333333333335","Rhizobiales","88","2","3","Proteobacteria","6","2","false","0","88","140","0"
"342.0","Beijerinckiaceae","a2a98efd279349473bb2858de14d295f","2.7777777777777777","0.0","Alphaproteobacteria","0.36","0.5","4","5","4","Beijerinckiaceae","0","false","Bacteria","176","176","0","3.0","Rhizobiales","176","4","2","Proteobacteria","4","3","false","0","176","0","0"
"211.0","Beijerinckiaceae","3e7e79afb6b6c4c37d06edb97bc7f4fa","2.6","0.0","Alphaproteobacteria","0.3846153846153846","0.0","2","4","2","Beijerinckiaceae","1","false","Bacteria","67","67","0","3.0","Rhizobiales","67","1","1","Proteobacteria","2","4","false","0","67","0","0"
"455.0","Acremonium","2bb16f07ce02b1b2179b369e196c9175","1.0","0.0","Sordariomycetes","1.0","1.0","4","1","4","Hypocreales_fam_Incertae_sedis","1","false","Fungi","338","338","0","2.5","Hypocreales","338","3","2","Ascomycota","4","3","false","0","338","0","0"
"652.0","Cystostereaceae","fc0355306fe48cc7bf8c1eff4cc68d67","1.5","0.0","Agaricomycetes","0.6666666666666666","1.0","4","2","4","Cystostereaceae","3","false","Fungi","512","512","0","2.5","Agaricales","512","1","2","Basidiomycota","4","2","false","0","512","0","0"
"627.0","Hypocreales","f79610feeb3d26f12c69b58b23d467ff","1.0","0.0","Sordariomycetes","1.0","0.0","2","1","2","Hypocreales","0","false","Fungi","508","508","0","1.0","Hypocreales","508","2","1","Ascomycota","2","2","false","0","508","0","0"
"581.0","Neocrinula","c51515681a216730e9766b6901af8400","0.0","0.0","Leotiomycetes","0.0","0.0","2","0","2","Helotiaceae","2","false","Fungi","467","467","0","1.0","Helotiales","467","0","1","Ascomycota","2","2","false","0","467","0","0"
"343.0","Sphingomonadaceae","cca0eab0e34bdd6df5b77dcbcdce88a2","1.625","0.1369047619047619","Alphaproteobacteria","0.6153846153846154","0.7","10","3","10","Sphingomonadaceae","3","false","Bacteria","233","233","0","5.4","Sphingomonadales","233","7","5","Proteobacteria","10","2","false","0","233","24","0"
"560.0","Niesslia","86ea832d7024b90780d4e978811fc03e","1.0","0.5","Sordariomycetes","1.0","0.0","4","1","4","Niessliaceae","2","false","Fungi","426","426","0","1.0","Hypocreales","426","2","2","Ascomycota","4","2","false","0","426","1","0"
"396.0","Caulobacteraceae","e4afdb8a27c040e0347181b412465ac1","0.0","0.0","Alphaproteobacteria","0.0","0.0","2","0","2","Caulobacteraceae","2","false","Bacteria","265","265","0","2.0","Caulobacterales","265","0","1","Proteobacteria","2","4","false","0","265","0","0"
"727.0","Teratosphaeriaceae","feeabaccf7f7e8bb81fc625d26d59c45","1.0","0.41666666666666663","Dothideomycetes","1.0","0.6666666666666666","6","1","6","Teratosphaeriaceae","2","false","Fungi","515","515","0","2.3333333333333335","Capnodiales","515","4","3","Ascomycota","6","3","false","0","515","5","0"
"653.0","Trichoderma","da0b6d5a466e9803c1fb91ab10d1db90","1.3333333333333333","0.41666666666666663","Sordariomycetes","0.75","0.6666666666666666","6","2","6","Hypocreaceae","4","false","Fungi","483","483","0","2.3333333333333335","Hypocreales","483","2","3","Ascomycota","6","2","false","0","483","5","0"
"476.0","Bacteria","deb5f5eb45e53c55441b995f9212757e","4.214285714285714","1.2714285714285716","Bacteria","0.23728813559322035","0.3333333333333333","8","7","8","Bacteria","6","false","Bacteria","253","253","0","2.75","Bacteria","253","2","4","Bacteria","8","3","false","0","253","336","0"
"287.0","Elsterales","931552926c733915e6b32064c37ac687","1.0","0.0","Alphaproteobacteria","1.0","0.0","2","1","2","Elsterales","1","false","Bacteria","157","157","0","1.0","Elsterales","157","1","1","Proteobacteria","2","2","false","0","157","0","0"
"255.0","Novosphingobium","8237ae30a8c75c8ed6907cae3fb347d7","1.0","0.0","Alphaproteobacteria","1.0","0.0","2","1","2","Sphingomonadaceae","1","false","Bacteria","135","135","0","1.0","Sphingomonadales","135","1","1","Proteobacteria","2","3","false","0","135","0","0"
"682.0","Exophiala","ee0757bb4a9cf50cb7389b2bcd62daa1","0.0","0.0","Eurotiomycetes","0.0","0.0","4","0","4","Herpotrichiellaceae","4","false","Fungi","500","500","0","1.5","Chaetothyriales","500","0","2","Ascomycota","4","2","false","0","500","0","0"
"450.0","Pleurodesmospora","0d1e062217db82fac2181b35c6cdcac1","1.0","0.0","Pezizomycotina_cls_Incertae_sedis","1.0","0.0","2","1","2","Pezizomycotina_fam_Incertae_sedis","0","false","Fungi","316","316","0","2.0","Pezizomycotina_ord_Incertae_sedis","316","2","1","Ascomycota","2","6","false","0","316","0","0"
"427.0","Acetobacteraceae","fb068403a8d872596161df6dd77d9f52","0.0","0.0","Alphaproteobacteria","0.0","0.0","4","0","4","Acetobacteraceae","4","false","Bacteria","294","294","0","1.0","Acetobacterales","294","0","2","Proteobacteria","4","2","false","0","294","0","0"
"1912.0","Cucurbitariaceae","55eb7da4c46a12d6ee38d7bb73e0ea97","1.0","0.0","Dothideomycetes","1.0","0.5","4","1","4","Cucurbitariaceae","2","false","Fungi","380","380","0","2.0","Pleosporales","380","2","2","Ascomycota","4","6","false","0","380","0","0"
"2334.0","Neophaeomoniella","43c691606189e33a4f0f176d269eea42","0.0","0.0","Eurotiomycetes","0.0","0.5","4","0","4","Phaeomoniellaceae","4","false","Fungi","362","362","0","2.0","Phaeomoniellales","362","0","2","Ascomycota","4","2","false","0","362","0","0"
"591.0","Devriesia","5f58a11393639b4b353ac4843a0d10bf","1.5","0.5651515151515151","Dothideomycetes","0.6666666666666666","0.5666666666666667","12","2","12","Teratosphaeriaceae","8","false","Fungi","391","391","0","5.5","Capnodiales","391","4","6","Ascomycota","12","4","false","0","391","115","0"
"5531.0","Conexibacter","f74a23038095f558d209d451c03c9b7e","1.4","0.42500000000000004","Thermoleophilia","0.7142857142857143","0.7","10","2","10","Solirubrobacteraceae","7","false","Bacteria","289","289","0","5.0","Solirubrobacterales","289","3","5","Actinobacteriota","10","2","false","0","289","15","0"
"2071.0","Melanchlenus","5021c0d27b9c78ded3b2f922c75c3a36","1.0","0.0","Eurotiomycetes","1.0","0.5","4","1","4","Herpotrichiellaceae","0","false","Fungi","374","374","0","2.0","Chaetothyriales","374","4","2","Ascomycota","4","2","false","0","374","0","0"
"124.0","Acidisoma","111d2bc18f9a6ee8f9f3971f73cea54e","1.0","0.0","Alphaproteobacteria","1.0","0.0","2","1","2","Acetobacteraceae","0","false","Bacteria","16","16","0","1.0","Acetobacterales","16","2","1","Proteobacteria","2","2","false","0","16","0","0"
"448.0","Psychroglaciecola","5464b890bc8886e24432241fbd063406","0.0","0.0","Alphaproteobacteria","0.0","0.0","2","0","2","Beijerinckiaceae","2","false","Bacteria","93","93","0","1.0","Rhizobiales","93","0","1","Proteobacteria","2","3","false","0","93","0","0"
"591.0","Teichospora","5ec5151a34c5b6617914f834d1039166","1.3333333333333333","0.16666666666666666","Dothideomycetes","0.75","0.5","4","2","4","Teichosporaceae","2","false","Fungi","389","389","0","3.0","Pleosporales","389","2","2","Ascomycota","4","4","false","0","389","2","0"
"2510.0","Pseudomonas","a9798bc65e9044a416f0544d8e1a42ef","3.142857142857143","0.5968253968253968","Gammaproteobacteria","0.3181818181818182","0.5","12","7","12","Pseudomonadaceae","6","false","Bacteria","185","185","0","4.5","Pseudomonadales","185","6","6","Proteobacteria","12","4","false","0","185","381","0"
"537.0","Bryocella","de62ce36cc9535898769812313168bca","3.4285714285714284","2.885714285714286","Acidobacteriae","0.2916666666666667","0.16666666666666666","6","6","6","Acidobacteriaceae_(Subgroup_1)","3","false","Bacteria","252","252","0","3.0","Acidobacteriales","252","3","3","Acidobacteriota","6","2","false","0","252","785","0"
"655.0","Quambalaria","c400685e2e38e8f446f902f4f4074f4d","1.75","0.23511904761904756","Exobasidiomycetes","0.5714285714285714","0.6","12","3","12","Quambalariaceae","6","false","Fungi","466","466","0","5.166666666666667","Microstromatales","466","6","6","Basidiomycota","12","2","false","0","466","36","0"
"371.0","Curtobacterium","d66072bb4e903a9c1a95728d29427410","1.75","0.1220238095238095","Actinobacteria","0.5714285714285714","0.7","10","3","10","Microbacteriaceae","5","false","Bacteria","242","242","0","5.4","Micrococcales","242","5","5","Actinobacteriota","10","2","false","0","242","23","0"
"342.0","Caulobacteraceae","bd4009c04c990b1851da99ca3eb4ec4a","1.875","0.10714285714285712","Alphaproteobacteria","0.5333333333333333","0.6666666666666666","8","3","8","Caulobacteraceae","5","false","Bacteria","215","215","0","5.5","Caulobacterales","215","3","4","Proteobacteria","8","3","false","0","215","13","0"
"593.0","Niesslia","936ed71522910d14e4b21ffdedcbcbef","1.0","0.13636363636363635","Sordariomycetes","1.0","0.16666666666666666","6","1","6","Niessliaceae","1","false","Fungi","436","436","0","2.0","Hypocreales","436","5","3","Ascomycota","6","4","false","0","436","15","0"
"465.0","Colletotrichum","2c668c6e985d22dd56bbc9f78c84ca03","1.6666666666666667","0.05454545454545454","Sordariomycetes","0.6","0.5","4","2","4","Glomerellaceae","3","false","Fungi","339","339","0","2.5","Glomerellales","339","1","2","Ascomycota","4","6","false","0","339","6","0"
"475.0","Acetobacteraceae","9c4a605f83d83cbe8c3e6db438830fb7","1.6666666666666667","0.0","Alphaproteobacteria","0.6","0.8333333333333334","6","2","6","Acetobacteraceae","5","false","Bacteria","168","168","0","3.0","Acetobacterales","168","1","3","Proteobacteria","6","2","false","0","168","0","0"
"351.0","Pedobacter","d15bd1dcb9de71d7452648673a59f5b8","1.75","0.21363636363636357","Bacteroidia","0.5714285714285714","0.6333333333333333","12","3","12","Sphingobacteriaceae","8","false","Bacteria","236","236","0","5.5","Sphingobacteriales","236","4","6","Bacteroidota","12","3","false","0","236","44","0"
"454.0","Microbacteriaceae","997f0249b100da576e71770c55666efb","1.8","0.05","Actinobacteria","0.5555555555555556","0.6666666666666666","6","3","6","Microbacteriaceae","3","false","Bacteria","165","165","0","3.3333333333333335","Micrococcales","165","3","3","Actinobacteriota","6","3","false","0","165","9","0"
"448.0","Caulobacteraceae","ae04dca2a07ec1aa560e836bc399ea57","1.75","1.4166666666666665","Alphaproteobacteria","0.5714285714285714","0.4166666666666667","8","3","8","Caulobacteraceae","5","false","Bacteria","191","191","0","2.5","Caulobacterales","191","3","4","Proteobacteria","8","2","false","0","191","17","0"
"523.0","Coniophora","383e76f6ff679d4db8ca934ce94ae32c","1.625","0.2727272727272727","Agaricomycetes","0.6153846153846154","0.6333333333333333","12","2","12","Coniophoraceae","8","false","Fungi","351","351","0","5.5","Boletales","351","4","6","Basidiomycota","12","2","false","0","351","78","0"
"409.0","Beijerinckiaceae","fbfc4f21c44d1d884b79e1e06505a8cd","1.0","0.0","Alphaproteobacteria","1.0","0.0","2","1","2","Beijerinckiaceae","0","false","Bacteria","296","296","0","1.0","Rhizobiales","296","2","1","Proteobacteria","2","2","false","0","296","0","0"
"346.0","Patulibacter","d3df483cbb13c7f8c70820fb7e1e6230","0.0","0.0","Thermoleophilia","0.0","0.0","2","0","2","Solirubrobacteraceae","2","false","Bacteria","239","239","0","1.0","Solirubrobacterales","239","0","1","Actinobacteriota","2","2","false","0","239","0","0"
"527.0","Trichothecium","1e8aa122bfdb65791884d37c4d488366","5.142857142857143","0.0","Sordariomycetes","0.19444444444444442","0.5","4","8","4","Hypocreales_fam_Incertae_sedis","3","false","Fungi","330","330","0","3.5","Hypocreales","330","1","2","Ascomycota","4","2","false","0","330","0","0"
"670.0","Beijerinckiaceae","af6dae6d1cfbd2b67ba39e01196dc488","0.0","0.0","Alphaproteobacteria","0.0","0.0","2","0","2","Beijerinckiaceae","2","false","Bacteria","193","193","0","3.0","Rhizobiales","193","0","1","Proteobacteria","2","4","false","0","193","0","0"
"640.0","Antennariella","5bb8c7a5be2027cafc32713a71422e7d","1.75","0.022727272727272728","Dothideomycetes","0.5714285714285714","0.75","8","3","8","Capnodiaceae","2","false","Fungi","385","385","0","5.75","Capnodiales","385","6","4","Ascomycota","8","6","false","0","385","10","0"
"490.0","Fusarium","56b17ee22867f28d69ceed6536bce3f4","0.0","0.0","Sordariomycetes","0.0","1.0","4","0","4","Nectriaceae","4","false","Fungi","381","381","0","4.0","Hypocreales","381","0","2","Ascomycota","4","6","false","0","381","0","0"
"582.0","Xylariaceae","d1219571cf1bc1f111b62b04756f3980","1.0","0.0","Sordariomycetes","1.0","0.0","2","1","2","Xylariaceae","0","false","Fungi","474","474","0","1.0","Xylariales","474","2","1","Ascomycota","2","2","false","0","474","0","0"
"648.0","Teichospora","f31c72128c9df64d5ab6df48a0d7c42a","0.0","0.0","Dothideomycetes","0.0","0.0","2","0","2","Teichosporaceae","2","false","Fungi","502","502","0","1.0","Pleosporales","502","0","1","Ascomycota","2","5","false","0","502","0","0"
"634.0","Trichoderma","8537e50a5b9ef19a7f636c412fea343a","1.6666666666666667","0.0","Sordariomycetes","0.6","0.0","2","2","2","Hypocreaceae","0","false","Fungi","425","425","0","3.0","Hypocreales","425","2","1","Ascomycota","2","4","false","0","425","0","0"
"668.0","Lophiostoma","e3059e979256b4d61c50e91573b08a9b","1.0","1.1666666666666665","Dothideomycetes","1.0","0.16666666666666666","6","1","6","Lophiostomataceae","4","false","Fungi","489","489","0","1.6666666666666667","Pleosporales","489","2","3","Ascomycota","6","2","false","0","489","7","0"
"165.0","Acidipila","33d9b7db5af91dfb99f537839576474d","1.4","0.08333333333333334","Acidobacteriae","0.7142857142857143","0.5","6","2","6","Acidobacteriaceae_(Subgroup_1)","1","false","Bacteria","53","53","0","3.3333333333333335","Acidobacteriales","53","5","3","Acidobacteriota","6","2","false","0","53","15","0"
"290.0","539a3deadbee2e58b2b6e05ceabbc0a0","91","1.0","0.0","Acidobacteriae","1.0","0.5","4","1","4","Acidobacteriaceae_(Subgroup_1)","3","false","Bacteria","91","91","0","2.0","Acidobacteriales","91","1","2","Acidobacteriota","4","2","false","0","91","0","0"
"148.0","Granulicella","25accfe37f8319e0ca7f0ba2b1eae49b","1.0","0.0","Acidobacteriae","1.0","0.5","4","1","4","Acidobacteriaceae_(Subgroup_1)","3","false","Bacteria","38","38","0","2.0","Acidobacteriales","38","1","2","Acidobacteriota","4","2","false","0","38","0","0"
"433.0","Cladosporium","00e26040a68e34205446e1a8200c071f","1.0","0.0","Dothideomycetes","1.0","0.0","2","1","2","Cladosporiaceae","1","false","Fungi","305","305","0","1.0","Capnodiales","305","1","1","Ascomycota","2","2","false","0","305","0","0"
"737.0","Meira","f20368740e8f78f45227fec94674b531","1.0","0.0","Exobasidiomycetes","1.0","0.0","2","1","2","Brachybasidiaceae","1","false","Fungi","501","501","0","1.0","Exobasidiales","501","1","1","Basidiomycota","2","2","false","0","501","0","0"
"292.0","Acetobacteraceae","017d41c1827158caf647cd30b7e12320","3.9285714285714284","0.37142857142857144","Alphaproteobacteria","0.2545454545454546","0.8333333333333334","8","8","8","Acetobacteraceae","5","false","Bacteria","2","2","0","5.25","Acetobacterales","2","3","4","Proteobacteria","8","2","false","0","2","286","0"
"511.0","Valsa","66b09181fa15f98369e57d16b86572e0","1.3333333333333333","0.16666666666666666","Sordariomycetes","0.75","0.5","4","2","4","Valsaceae","2","false","Fungi","398","398","0","3.0","Diaporthales","398","2","2","Ascomycota","4","2","false","0","398","2","0"
"823.0","Sphingomonas","209f39c01f47a03c22d8db8b642abc48","3.857142857142857","0.373015873015873","Alphaproteobacteria","0.25925925925925924","0.75","8","8","8","Sphingomonadaceae","4","false","Bacteria","34","34","0","5.25","Sphingomonadales","34","4","4","Proteobacteria","8","2","false","0","34","287","0"
"437.0","Aureimonas","c9b6e04be566bc2c4ce974446ca9f50e","1.0","0.0","Alphaproteobacteria","1.0","0.0","2","1","2","Rhizobiaceae","0","false","Bacteria","227","227","0","1.0","Rhizobiales","227","2","1","Proteobacteria","2","6","false","0","227","0","0"
"731.0","Cryptodiscus","33dd0ebd99c2b8569ee1921e7eff0623","0.0","0.0","Lecanoromycetes","0.0","0.0","2","0","2","Stictidaceae","2","false","Fungi","349","349","0","1.0","Ostropales","349","0","1","Ascomycota","2","6","false","0","349","0","0"
"659.0","Cytospora","9ca3105a117897b37ca2a3f811964073","1.0","0.0","Sordariomycetes","1.0","0.0","2","1","2","Valsaceae","0","false","Fungi","442","442","0","2.0","Diaporthales","442","2","1","Ascomycota","2","3","false","0","442","0","0"
"442.0","Caulobacteraceae","caa610fd9428bca7e15a538a9b80c26a","2.5","0.0","Alphaproteobacteria","0.4","0.0","2","4","2","Caulobacteraceae","1","false","Bacteria","229","229","0","4.0","Caulobacterales","229","1","1","Proteobacteria","2","2","false","0","229","0","0"
"640.0","Rosellinia","e9a196fbd99e218452df51a2cc62e00a","2.0","0.0","Sordariomycetes","0.5","1.0","4","3","4","Xylariaceae","2","false","Fungi","495","495","0","2.5","Xylariales","495","2","2","Ascomycota","4","4","false","0","495","0","0"
"575.0","Rosellinia","4d9d1a912010cfaccee2c1f918d3b3ff","4.333333333333333","0.0","Sordariomycetes","0.23076923076923078","0.0","2","7","2","Xylariaceae","0","false","Fungi","371","371","0","2.0","Xylariales","371","2","1","Ascomycota","2","4","false","0","371","0","0"
"772.0","Beijerinckiaceae","f595fccfcd1db925b951905095797142","2.0","1.1666666666666665","Alphaproteobacteria","0.5","0.6666666666666666","6","3","6","Beijerinckiaceae","5","false","Bacteria","287","287","0","3.3333333333333335","Rhizobiales","287","1","3","Proteobacteria","6","3","false","0","287","14","0"
"274.0","Acidipila","76566c5c59d91344308b7d40d21bb19f","1.0","0.0","Acidobacteriae","1.0","0.0","2","1","2","Acidobacteriaceae_(Subgroup_1)","0","false","Bacteria","125","125","0","1.0","Acidobacteriales","125","2","1","Acidobacteriota","2","3","false","0","125","0","0"
"677.0","Fusarium","1cfed5ec88a3950b146bd54d22797e37","0.0","0.0","Sordariomycetes","0.0","0.0","2","0","2","Nectriaceae","2","false","Fungi","328","328","0","1.0","Hypocreales","328","0","1","Ascomycota","2","2","false","0","328","0","0"
"292.0","Rhizobiaceae","01eb048de56826af7defb3397874e368","4.714285714285714","0.0","Alphaproteobacteria","0.21212121212121213","1.0","8","9","8","Rhizobiaceae","5","false","Bacteria","3","3","0","5.25","Rhizobiales","3","3","4","Proteobacteria","8","2","false","0","3","0","0"
"567.0","Allorhizobium-Neorhizobium-Pararhizobium-Rhizobium","a9164d01308501b576afa06256a15b0f","1.0","0.0","Alphaproteobacteria","1.0","1.0","4","1","4","Rhizobiaceae","0","false","Bacteria","184","184","0","2.0","Rhizobiales","184","4","2","Proteobacteria","4","2","false","0","184","0","0"
"11027.0","Curtobacterium","60a8843517f35173407a9d146488e1ac","1.0","0.0","Actinobacteria","1.0","0.0","2","1","2","Microbacteriaceae","0","false","Bacteria","103","103","0","1.0","Micrococcales","103","2","1","Actinobacteriota","2","8","false","0","103","0","0"
"777.0","Bryocella","38ff6a0d927575e1d4dfc646197d5eac","0.0","0.0","Acidobacteriae","0.0","0.0","2","0","2","Acidobacteriaceae_(Subgroup_1)","2","false","Bacteria","61","61","0","1.0","Acidobacteriales","61","0","1","Acidobacteriota","2","2","false","0","61","0","0"
"491.0","Pestalotiopsis","303e9ab3e4d83037ad04ac4dc6ac3750","1.0","0.0","Sordariomycetes","1.0","0.0","2","1","2","Sporocadaceae","0","false","Fungi","341","341","0","2.0","Xylariales","341","2","1","Ascomycota","2","4","false","0","341","0","0"
"509.0","Coniophora","6d20e795b331872f769945fa2e51a7c0","1.5","0.0","Agaricomycetes","0.6666666666666666","0.0","2","2","2","Coniophoraceae","0","false","Fungi","404","404","0","2.0","Boletales","404","2","1","Basidiomycota","2","5","false","0","404","0","0"
"951.0","Teratosphaeria","b346a9f7e6e1f4a5d458dd9afc4489ee","1.0","0.0","Dothideomycetes","1.0","0.0","2","1","2","Teratosphaeriaceae","0","false","Fungi","459","459","0","1.0","Capnodiales","459","2","1","Ascomycota","2","4","false","0","459","0","0"
"628.0","Trichoderma","0a9208a42f7727fb966efea094d574d4","0.0","0.0","Sordariomycetes","0.0","0.0","2","0","2","Hypocreaceae","2","false","Fungi","314","314","0","1.0","Hypocreales","314","0","1","Ascomycota","2","3","false","0","314","0","0"
"331.0","Sphingomonas","6f7fdad1419595b3bb1e5ceda289402b","1.0","0.0","Alphaproteobacteria","1.0","0.0","2","1","2","Sphingomonadaceae","0","false","Bacteria","118","118","0","1.0","Sphingomonadales","118","2","1","Proteobacteria","2","3","false","0","118","0","0"
"358.0","Labrys","78d965a900ff7e19d546b879c9b0bf12","0.0","0.0","Alphaproteobacteria","0.0","0.0","2","0","2","Labraceae","2","false","Bacteria","127","127","0","1.0","Rhizobiales","127","0","1","Proteobacteria","2","4","false","0","127","0","0"
"511.0","Trichothecium","618be8e1f49fadedc18415d69bb6e95f","0.0","0.0","Sordariomycetes","0.0","0.0","4","0","4","Hypocreales_fam_Incertae_sedis","4","false","Fungi","393","393","0","4.5","Hypocreales","393","0","2","Ascomycota","4","3","false","0","393","0","0"
"2884.0","Massilia","8df2b2e6c1cb64bd18b81d5bae7f0898","1.0","0.0","Gammaproteobacteria","1.0","0.0","2","1","2","Oxalobacteraceae","0","false","Bacteria","147","147","0","1.0","Burkholderiales","147","2","1","Proteobacteria","2","6","false","0","147","0","0"
"1052.0","Robbsia","1ec9fd06c88669eb15764e0b441ade46","0.0","0.0","Gammaproteobacteria","0.0","0.0","2","0","2","Burkholderiaceae","2","false","Bacteria","31","31","0","1.0","Burkholderiales","31","0","1","Proteobacteria","2","3","false","0","31","0","0"
"438.0","fe89b57e6b7b879f73edc7a508c14fab","299","1.0","0.0","Acidobacteriae","1.0","0.0","2","1","2","Acidobacteriaceae_(Subgroup_1)","1","false","Bacteria","299","299","0","1.0","Acidobacteriales","299","1","1","Acidobacteriota","2","4","false","0","299","0","0"
"353.0","Actinoplanes","b9bc2762d1e85ec8666bbfe9983254fe","1.0","0.0","Actinobacteria","1.0","0.0","2","1","2","Micromonosporaceae","1","false","Bacteria","211","211","0","1.0","Micromonosporales","211","1","1","Actinobacteriota","2","5","false","0","211","0","0"
"474.0","Meira","353c6311464c88b8e44375a6d403beba","1.0","0.0","Exobasidiomycetes","1.0","0.0","2","1","2","Brachybasidiaceae","0","false","Fungi","350","350","0","1.0","Exobasidiales","350","2","1","Basidiomycota","2","4","false","0","350","0","0"
"577.0","Phialemoniopsis","b339d9bf84b94fee469c60751296f76f","0.0","0.0","Sordariomycetes","0.0","0.0","2","0","2","Xylariales_fam_Incertae_sedis","2","false","Fungi","458","458","0","1.0","Xylariales","458","0","1","Ascomycota","2","2","false","0","458","0","0"
